t_sec,x,y,yaw,u,v,r,applied_steer_ui,applied_steer_rad,applied_thrust,bow,target_steer_ui,target_thrust
1770735120.3407536,5.195326328277588,5.55712890625,-0.7154531591079802,0.15992144965736163,0.018554127568684763,-0.07282045779308771,0.0,0.0,1400.0,0.0,0.0,1400.0
1770735120.390759,5.195326328277588,5.55712890625,-0.7154531591079802,0.15992144965736163,0.018554127568684763,-0.07282045779308771,0.0,0.0,1400.0,0.0,0.0,1400.0
1770735120.4407618,5.206034183502197,5.547264099121094,-0.7164754122484869,0.1579336048209632,0.017223627305826963,-0.06489372442762054,0.0,0.0,1400.0,0.0,0.0,1400.0
1770735120.4907699,5.206034183502197,5.547264099121094,-0.7164754122484869,0.1579336048209632,0.017223627305826963,-0.06489372442762054,0.0,0.0,1500.0,0.0,0.0,1500.0
1770735120.5407465,5.21712064743042,5.538349151611328,-0.7146171983191589,0.15588759978988273,0.015621539761528518,-0.05288907447531482,0.0,0.0,1500.0,0.0,0.0,1500.0
1770735120.590735,5.21712064743042,5.538349151611328,-0.7146171983191589,0.15588759978988273,0.015621539761528518,-0.05288907447531482,0.0,0.0,1500.0,0.0,0.0,1500.0
1770735120.6407804,5.228537082672119,5.52916145324707,-0.7246439756078376,0.15395594754628858,0.013951515190953261,-0.04872555871785665,0.0,0.0,1600.0,0.0,0.0,1600.0
1770735120.690688,5.228537082672119,5.52916145324707,-0.7246439756078376,0.15395594754628858,0.013951515190953261,-0.04872555871785665,0.0,0.0,1600.0,0.0,0.0,1600.0
1770735120.7407727,5.240704536437988,5.521212100982666,-0.7291218161817952,0.15217410406616108,0.012845801591135698,-0.047966417638350536,0.0,0.0,1600.0,0.0,0.0,1600.0
1770735120.7907524,5.240704536437988,5.521212100982666,-0.7291218161817952,0.15217410406616108,0.012845801591135698,-0.047966417638350536,0.0,0.0,1600.0,0.0,0.0,1600.0
1770735120.8407412,5.253732681274414,5.512059688568115,-0.7319289735602865,0.15103606478072812,0.01238143545646442,-0.046811727913331054,0.0,0.0,1600.0,0.0,0.0,1600.0
1770735120.890775,5.253732681274414,5.512059688568115,-0.7319289735602865,0.15103606478072812,0.01238143545646442,-0.046811727913331054,0.0,0.0,1600.0,0.0,0.0,1600.0
1770735120.9407253,5.266807556152344,5.500217437744141,-0.7328289860387667,0.15120705471722942,0.011839135403970222,-0.043082437905844,0.0,0.0,1600.0,0.0,0.0,1600.0
1770735120.9908197,5.266807556152344,5.500217437744141,-0.7328289860387667,0.15120705471722942,0.011839135403970222,-0.043082437905844,0.0,0.0,1600.0,0.0,0.0,1600.0
1770735121.040759,5.279562473297119,5.487016677856445,-0.7272040542965872,0.15289297530489754,0.010570655202364927,-0.03254589707660002,0.0,0.0,1600.0,0.0,0.0,1600.0
1770735121.0907629,5.279562473297119,5.487016677856445,-0.7272040542965872,0.15289297530489754,0.010570655202364927,-0.03254589707660002,0.0,0.0,1600.0,0.0,0.0,1600.0
1770735121.1407886,5.296202659606934,5.4713850021362305,-0.728780836310416,0.15725141592207353,0.008739687013827626,-0.02351698365191863,0.0,0.0,1600.0,0.0,0.0,1600.0
1770735121.190656,5.296202659606934,5.4713850021362305,-0.728780836310416,0.15725141592207353,0.008739687013827626,-0.02351698365191863,0.0,0.0,1600.0,0.0,0.0,1600.0
1770735121.2407038,5.317259788513184,5.453237056732178,-0.7233676529402882,0.16563512119200172,0.0069226443537793465,-0.012639601254578041,0.0,0.0,1600.0,0.0,0.0,1600.0
1770735121.2907434,5.317259788513184,5.453237056732178,-0.7233676529402882,0.16563512119200172,0.0069226443537793465,-0.012639601254578041,0.0,0.0,1600.0,0.0,0.0,1600.0
1770735121.3406894,5.342039108276367,5.431486129760742,-0.7197782526112038,0.17911541904795678,0.005322142535653437,-0.0021577340341575914,0.0,0.0,1600.0,0.0,0.0,1600.0
1770735121.390654,5.342039108276367,5.431486129760742,-0.7197782526112038,0.17911541904795678,0.005322142535653437,-0.0021577340341575914,0.0,0.0,1600.0,0.0,0.0,1600.0
1770735121.4407709,5.369146823883057,5.405196666717529,-0.7131783063008319,0.19812262279783177,0.003394388712097015,0.009088874942837511,0.0,0.0,1600.0,0.0,0.0,1600.0
1770735121.4907699,5.369146823883057,5.405196666717529,-0.7131783063008319,0.19812262279783177,0.003394388712097015,0.009088874942837511,-1000.0,-0.05235987755982988,1600.0,0.0,-1000.0,1600.0
1770735121.5406616,5.398541450500488,5.376337051391602,-0.7030644872313383,0.22209094850495517,0.0008494170096272637,0.022914357385849606,-2000.0,-0.10471975511965977,1600.0,0.0,-2000.0,1600.0
1770735121.5907693,5.398541450500488,5.376337051391602,-0.7030644872313383,0.22209094850495517,0.0008494170096272637,0.022914357385849606,-2000.0,-0.10471975511965977,1600.0,0.0,-2000.0,1600.0
1770735121.6406496,5.430927276611328,5.345136642456055,-0.6900967327553555,0.25017720612744904,-0.002268999744167491,0.03983071330933884,-3000.0,-0.15707963267948963,1600.0,0.0,-3000.0,1600.0
1770735121.6907175,5.430927276611328,5.345136642456055,-0.6900967327553555,0.25017720612744904,-0.002268999744167491,0.03983071330933884,-3000.0,-0.15707963267948963,1600.0,0.0,-3000.0,1600.0
1770735121.7407238,5.466704845428467,5.3121538162231445,-0.6805981953117071,0.28141438800552215,-0.005593849992570999,0.05458795227143787,-4000.0,-0.20943951023931953,1600.0,0.0,-4000.0,1600.0
1770735121.7907712,5.466704845428467,5.3121538162231445,-0.6805981953117071,0.28141438800552215,-0.005593849992570999,0.05458795227143787,-5000.0,-0.2617993877991494,1600.0,0.0,-5000.0,1600.0
1770735121.8406854,5.505486011505127,5.276754856109619,-0.6687519193043299,0.31495165261572244,-0.00897155405209344,0.06750476813777215,-5000.0,-0.2617993877991494,1600.0,0.0,-5000.0,1600.0
1770735121.890766,5.505486011505127,5.276754856109619,-0.6687519193043299,0.31495165261572244,-0.00897155405209344,0.06750476813777215,-6000.0,-0.31415926535897926,1600.0,0.0,-6000.0,1600.0
1770735121.9407387,5.545915126800537,5.239095211029053,-0.6604032358675003,0.3497239201622419,-0.012635534062678741,0.07569290745114697,-7000.0,-0.36651914291880916,1600.0,0.0,-7000.0,1600.0
1770735121.9907606,5.545915126800537,5.239095211029053,-0.6604032358675003,0.3497239201622419,-0.012635534062678741,0.07569290745114697,-7000.0,-0.36651914291880916,1600.0,0.0,-7000.0,1600.0
1770735122.0407507,5.588647842407227,5.19987154006958,-0.6572461272499073,0.3847864881887349,-0.01659264891054205,0.07575385816238404,-8000.0,-0.41887902047863906,1600.0,0.0,-8000.0,1600.0
1770735122.0907454,5.588647842407227,5.19987154006958,-0.6572461272499073,0.3847864881887349,-0.01659264891054205,0.07575385816238404,-9000.0,-0.47123889803846897,1600.0,0.0,-9000.0,1600.0
1770735122.140786,5.633392810821533,5.158782482147217,-0.659531895753398,0.41942623326255585,-0.02081793725095081,0.06606049274731116,-9000.0,-0.47123889803846897,1600.0,0.0,-9000.0,1600.0
1770735122.1907687,5.633392810821533,5.158782482147217,-0.659531895753398,0.41942623326255585,-0.02081793725095081,0.06606049274731116,-9000.0,-0.47123889803846897,1600.0,0.0,-9000.0,1600.0
1770735122.2407734,5.682200908660889,5.118112087249756,-0.6697473298912877,0.45325803314991986,-0.02418523791924858,0.04493537157561034,-9000.0,-0.47123889803846897,1600.0,0.0,-9000.0,1600.0
1770735122.2907557,5.682200908660889,5.118112087249756,-0.6697473298912877,0.45325803314991986,-0.02418523791924858,0.04493537157561034,-9000.0,-0.47123889803846897,1600.0,0.0,-9000.0,1600.0
1770735122.3407297,5.732666015625,5.0769782066345215,-0.688284841261587,0.4857477996628456,-0.025944553366735314,0.011977533700020367,-9000.0,-0.47123889803846897,1600.0,0.0,-9000.0,1600.0
1770735122.3907015,5.732666015625,5.0769782066345215,-0.688284841261587,0.4857477996628456,-0.025944553366735314,0.011977533700020367,-9000.0,-0.47123889803846897,1600.0,0.0,-9000.0,1600.0
1770735122.4407506,5.783475875854492,5.034522533416748,-0.71477242861768,0.5162867778873012,-0.02600776126849379,-0.031487566400700086,-9000.0,-0.47123889803846897,1600.0,0.0,-9000.0,1600.0
1770735122.4907568,5.783475875854492,5.034522533416748,-0.71477242861768,0.5162867778873012,-0.02600776126849379,-0.031487566400700086,-9000.0,-0.47123889803846897,1600.0,0.0,-9000.0,1600.0
1770735122.5407434,5.8342790603637695,4.989353179931641,-0.7551155706915988,0.5446348853321936,-0.024822093612071543,-0.0880438062755236,-9000.0,-0.47123889803846897,1600.0,0.0,-9000.0,1600.0
1770735122.5907593,5.8342790603637695,4.989353179931641,-0.7551155706915988,0.5446348853321936,-0.024822093612071543,-0.0880438062755236,-9000.0,-0.47123889803846897,1600.0,0.0,-9000.0,1600.0
1770735122.6407235,5.887009620666504,4.943687438964844,-0.8006358568200902,0.5708863609255003,-0.02181082613222618,-0.1524863446020291,-9000.0,-0.47123889803846897,1600.0,0.0,-9000.0,1600.0
1770735122.6908135,5.887009620666504,4.943687438964844,-0.8006358568200902,0.5708863609255003,-0.02181082613222618,-0.1524863446020291,-9000.0,-0.47123889803846897,1600.0,0.0,-9000.0,1600.0
1770735122.7407794,5.939342498779297,4.8963847160339355,-0.8536076389356788,0.5948895633734824,-0.016703097935400712,-0.22079401359240913,-9000.0,-0.47123889803846897,1600.0,0.0,-9000.0,1600.0
1770735122.7908118,5.939342498779297,4.8963847160339355,-0.8536076389356788,0.5948895633734824,-0.016703097935400712,-0.22079401359240913,-9000.0,-0.47123889803846897,1600.0,0.0,-9000.0,1600.0
1770735122.8407815,5.990729331970215,4.848197937011719,-0.9082922891826284,0.6162631182539554,-0.009246942756695454,-0.2863768992348157,-9000.0,-0.47123889803846897,1600.0,0.0,-9000.0,1600.0
1770735122.890801,5.990729331970215,4.848197937011719,-0.9082922891826284,0.6162631182539554,-0.009246942756695454,-0.2863768992348157,-9000.0,-0.47123889803846897,1600.0,0.0,-9000.0,1600.0
1770735122.9407997,6.03865647315979,4.797286033630371,-0.9642110848051537,0.6344728219617999,-0.00023063292799016533,-0.3446047727616843,-9000.0,-0.47123889803846897,1600.0,0.0,-9000.0,1600.0
1770735122.9908276,6.03865647315979,4.797286033630371,-0.9642110848051537,0.6344728219617999,-0.00023063292799016533,-0.3446047727616843,-9000.0,-0.47123889803846897,1600.0,0.0,-9000.0,1600.0
1770735123.0408084,6.084344863891602,4.7437005043029785,-1.0148555667995254,0.6494744872527403,0.009516832011490783,-0.38882254127733773,-9000.0,-0.47123889803846897,1600.0,0.0,-9000.0,1600.0
1770735123.0907474,6.084344863891602,4.7437005043029785,-1.0148555667995254,0.6494744872527403,0.009516832011490783,-0.38882254127733773,-9000.0,-0.47123889803846897,1600.0,0.0,-9000.0,1600.0
1770735123.1407573,6.126681089401245,4.686679363250732,-1.0590291016135094,0.6615139377892449,0.01880340071115174,-0.4148024720460303,-9000.0,-0.47123889803846897,1600.0,0.0,-9000.0,1600.0
1770735123.1907516,6.126681089401245,4.686679363250732,-1.0590291016135094,0.6615139377892449,0.01880340071115174,-0.4148024720460303,-9000.0,-0.47123889803846897,1600.0,0.0,-9000.0,1600.0
1770735123.2406917,6.169827699661255,4.629476547241211,-1.1032193648434845,0.6712407517746014,0.028177779861272626,-0.4272880659044648,-9000.0,-0.47123889803846897,1600.0,0.0,-9000.0,1600.0
1770735123.2907603,6.169827699661255,4.629476547241211,-1.1032193648434845,0.6712407517746014,0.028177779861272626,-0.4272880659044648,-9000.0,-0.47123889803846897,1600.0,0.0,-9000.0,1600.0
1770735123.340729,6.209728956222534,4.5716071128845215,-1.1469598208180765,0.6786075463757479,0.03766424671333167,-0.4319088457120125,-9000.0,-0.47123889803846897,1600.0,0.0,-9000.0,1600.0
1770735123.3907573,6.209728956222534,4.5716071128845215,-1.1469598208180765,0.6786075463757479,0.03766424671333167,-0.4319088457120125,-9000.0,-0.47123889803846897,1600.0,0.0,-9000.0,1600.0
1770735123.4406753,6.2455339431762695,4.5130767822265625,-1.1935809376078943,0.6832453661210806,0.04676195039389609,-0.4352970789663098,-9000.0,-0.47123889803846897,1600.0,0.0,-9000.0,1600.0
1770735123.490779,6.2455339431762695,4.5130767822265625,-1.1935809376078943,0.6832453661210806,0.04676195039389609,-0.4352970789663098,-9000.0,-0.47123889803846897,1600.0,0.0,-9000.0,1600.0
1770735123.5406222,6.277768850326538,4.450967788696289,-1.2349593672808288,0.6857998829282589,0.054384730161731204,-0.4352505047786479,-9000.0,-0.47123889803846897,1600.0,0.0,-9000.0,1600.0
1770735123.5907474,6.277768850326538,4.450967788696289,-1.2349593672808288,0.6857998829282589,0.054384730161731204,-0.4352505047786479,-9000.0,-0.47123889803846897,1600.0,0.0,-9000.0,1600.0
1770735123.640667,6.3039515018463135,4.388245105743408,-1.2790452288438452,0.6861782517155792,0.05936078687843684,-0.4348124319665927,-9000.0,-0.47123889803846897,1600.0,0.0,-9000.0,1600.0
1770735123.6906855,6.3039515018463135,4.388245105743408,-1.2790452288438452,0.6861782517155792,0.05936078687843684,-0.4348124319665927,-9000.0,-0.47123889803846897,1600.0,0.0,-9000.0,1600.0
1770735123.7407856,6.326705455780029,4.321845054626465,-1.3206037585273513,0.6854824378414378,0.06097041253343815,-0.43292611168276546,-9000.0,-0.47123889803846897,1600.0,0.0,-9000.0,1600.0
1770735123.7907395,6.326705455780029,4.321845054626465,-1.3206037585273513,0.6854824378414378,0.06097041253343815,-0.43292611168276546,-9000.0,-0.47123889803846897,1600.0,0.0,-9000.0,1600.0
1770735123.8406606,6.348411560058594,4.256629467010498,-1.3698954573732802,0.6842053211174958,0.060478257620736636,-0.43622819359967024,-9000.0,-0.47123889803846897,1600.0,0.0,-9000.0,1600.0
1770735123.8907409,6.348411560058594,4.256629467010498,-1.3698954573732802,0.6842053211174958,0.060478257620736636,-0.43622819359967024,-9000.0,-0.47123889803846897,1600.0,0.0,-9000.0,1600.0
1770735123.9407203,6.367706060409546,4.19113826751709,-1.4173069433514298,0.6825405137533707,0.05912837872415925,-0.4423327288496291,-9000.0,-0.47123889803846897,1600.0,0.0,-9000.0,1600.0
1770735123.9935825,6.367706060409546,4.19113826751709,-1.4173069433514298,0.6825405137533707,0.05912837872415925,-0.4423327288496291,-9000.0,-0.47123889803846897,1600.0,0.0,-9000.0,1600.0
1770735124.0407832,6.3839945793151855,4.12285852432251,-1.465637362699443,0.6812990464605363,0.05747668321693394,-0.44971208216882524,-9000.0,-0.47123889803846897,1600.0,0.0,-9000.0,1600.0
1770735124.0907643,6.3839945793151855,4.12285852432251,-1.465637362699443,0.6812990464605363,0.05747668321693394,-0.44971208216882524,-9000.0,-0.47123889803846897,1600.0,0.0,-9000.0,1600.0
1770735124.140702,6.392757415771484,4.0558180809021,-1.5098337471395702,0.679737652338024,0.05477065369193106,-0.4536397919919394,-9000.0,-0.47123889803846897,1600.0,0.0,-9000.0,1600.0
1770735124.1907094,6.392757415771484,4.0558180809021,-1.5098337471395702,0.679737652338024,0.05477065369193106,-0.4536397919919394,-9000.0,-0.47123889803846897,1600.0,0.0,-9000.0,1600.0
1770735124.2407668,6.39807653427124,3.988518476486206,-1.5525021896592932,0.6776987889054784,0.05084809596059364,-0.4529453121075953,-9000.0,-0.47123889803846897,1600.0,0.0,-9000.0,1600.0
1770735124.2906654,6.39807653427124,3.988518476486206,-1.5525021896592932,0.6776987889054784,0.05084809596059364,-0.4529453121075953,-9000.0,-0.47123889803846897,1600.0,0.0,-9000.0,1600.0
1770735124.3408167,6.398871421813965,3.9212489128112793,-1.5967833306017054,0.6751671918059438,0.04552922235980632,-0.45062043981468625,-9000.0,-0.47123889803846897,1600.0,0.0,-9000.0,1600.0
1770735124.3907955,6.398871421813965,3.9212489128112793,-1.5967833306017054,0.6751671918059438,0.04552922235980632,-0.45062043981468625,-9000.0,-0.47123889803846897,1600.0,0.0,-9000.0,1600.0
1770735124.44079,6.395609378814697,3.853329658508301,-1.6379727680160387,0.6725226860343204,0.038772661954795194,-0.4458095243923733,-9000.0,-0.47123889803846897,1600.0,0.0,-9000.0,1600.0
1770735124.4908023,6.395609378814697,3.853329658508301,-1.6379727680160387,0.6725226860343204,0.038772661954795194,-0.4458095243923733,-9000.0,-0.47123889803846897,1600.0,0.0,-9000.0,1600.0
1770735124.540785,6.390009880065918,3.7858381271362305,-1.6848587490018945,0.6700978672509396,0.03131558451373788,-0.44425452637018487,-9000.0,-0.47123889803846897,1600.0,0.0,-9000.0,1600.0
1770735124.5907776,6.390009880065918,3.7858381271362305,-1.6848587490018945,0.6700978672509396,0.03131558451373788,-0.44425452637018487,-9000.0,-0.47123889803846897,1600.0,0.0,-9000.0,1600.0
1770735124.6407952,6.3811750411987305,3.7185773849487305,-1.7351591775058246,0.6681171259707371,0.023806312356624268,-0.44877245549772954,-9000.0,-0.47123889803846897,1600.0,0.0,-9000.0,1600.0
1770735124.690839,6.3811750411987305,3.7185773849487305,-1.7351591775058246,0.6681171259707371,0.023806312356624268,-0.44877245549772954,-9000.0,-0.47123889803846897,1600.0,0.0,-9000.0,1600.0
1770735124.740862,6.368131160736084,3.6518852710723877,-1.786237394523523,0.6666216075991201,0.01646719012118103,-0.4577185573467733,-9000.0,-0.47123889803846897,1600.0,0.0,-9000.0,1600.0
1770735124.7908564,6.368131160736084,3.6518852710723877,-1.786237394523523,0.6666216075991201,0.01646719012118103,-0.4577185573467733,-9000.0,-0.47123889803846897,1600.0,0.0,-9000.0,1600.0
1770735124.8408008,6.349187850952148,3.586242914199829,-1.8357418147194107,0.6654660323896638,0.008749954030707066,-0.46682684243820494,-9000.0,-0.47123889803846897,1600.0,0.0,-9000.0,1600.0
1770735124.8908882,6.349187850952148,3.586242914199829,-1.8357418147194107,0.6654660323896638,0.008749954030707066,-0.46682684243820494,-9000.0,-0.47123889803846897,1600.0,0.0,-9000.0,1600.0
1770735124.9408815,6.325597286224365,3.5211408138275146,-1.8819076958067686,0.664851150580763,0.0003078539541290261,-0.47172354638234965,-9000.0,-0.47123889803846897,1600.0,0.0,-9000.0,1600.0
1770735124.9908047,6.325597286224365,3.5211408138275146,-1.8819076958067686,0.664851150580763,0.0003078539541290261,-0.47172354638234965,-9000.0,-0.47123889803846897,1600.0,0.0,-9000.0,1600.0
1770735125.0407782,6.299143075942993,3.4571661949157715,-1.9257487310955899,0.6648216767185449,-0.008543871730282983,-0.4708680161661209,-9000.0,-0.47123889803846897,1600.0,0.0,-9000.0,1600.0
1770735125.0908163,6.299143075942993,3.4571661949157715,-1.9257487310955899,0.6648216767185449,-0.008543871730282983,-0.4708680161661209,-9000.0,-0.47123889803846897,1600.0,0.0,-9000.0,1600.0
1770735125.140879,6.269942045211792,3.3947949409484863,-1.9648760349129244,0.6652313444721086,-0.01728051386135898,-0.46273054480591563,-9000.0,-0.47123889803846897,1600.0,0.0,-9000.0,1600.0
1770735125.1908715,6.269942045211792,3.3947949409484863,-1.9648760349129244,0.6652313444721086,-0.01728051386135898,-0.46273054480591563,-9000.0,-0.47123889803846897,1600.0,0.0,-9000.0,1600.0
1770735125.2408872,6.237002611160278,3.3321104049682617,-2.0073238680584264,0.666543686537248,-0.025695003470368356,-0.4533043619453525,-9000.0,-0.47123889803846897,1600.0,0.0,-9000.0,1600.0
1770735125.290732,6.237002611160278,3.3321104049682617,-2.0073238680584264,0.666543686537248,-0.025695003470368356,-0.4533043619453525,-9000.0,-0.47123889803846897,1600.0,0.0,-9000.0,1600.0
1770735125.3407795,6.199263334274292,3.2743680477142334,-2.0406071168304543,0.6678018581159937,-0.034476523280113136,-0.4381261262579145,-9000.0,-0.47123889803846897,1600.0,0.0,-9000.0,1600.0
1770735125.3908708,6.199263334274292,3.2743680477142334,-2.0406071168304543,0.6678018581159937,-0.034476523280113136,-0.4381261262579145,-9000.0,-0.47123889803846897,1600.0,0.0,-9000.0,1600.0
1770735125.4408565,6.158814430236816,3.215613603591919,-2.087723823291304,0.6695238096445005,-0.04346735775480287,-0.4306041045520214,-9000.0,-0.47123889803846897,1600.0,0.0,-9000.0,1600.0
1770735125.4907928,6.158814430236816,3.215613603591919,-2.087723823291304,0.6695238096445005,-0.04346735775480287,-0.4306041045520214,-9000.0,-0.47123889803846897,1600.0,0.0,-9000.0,1600.0
1770735125.540787,6.113161087036133,3.1596627235412598,-2.137705922861981,0.6718105373296441,-0.05312225651052139,-0.43362896109578586,-9000.0,-0.47123889803846897,1600.0,0.0,-9000.0,1600.0
1770735125.5907845,6.113161087036133,3.1596627235412598,-2.137705922861981,0.6718105373296441,-0.05312225651052139,-0.43362896109578586,-9000.0,-0.47123889803846897,1600.0,0.0,-9000.0,1600.0
1770735125.640816,6.066088438034058,3.1077687740325928,-2.1925281152199343,0.6738924382417332,-0.06297318251629258,-0.4469363547277595,-9000.0,-0.47123889803846897,1600.0,0.0,-9000.0,1600.0
1770735125.6906853,6.066088438034058,3.1077687740325928,-2.1925281152199343,0.6738924382417332,-0.06297318251629258,-0.4469363547277595,-9000.0,-0.47123889803846897,1600.0,0.0,-9000.0,1600.0
1770735125.7409158,6.015918254852295,3.053145170211792,-2.243848234003022,0.6770602211839769,-0.07196281883447275,-0.4622748648006459,-9000.0,-0.47123889803846897,1600.0,0.0,-9000.0,1600.0
1770735125.7907915,6.015918254852295,3.053145170211792,-2.243848234003022,0.6770602211839769,-0.07196281883447275,-0.4622748648006459,-9000.0,-0.47123889803846897,1600.0,0.0,-9000.0,1600.0
1770735125.840771,5.96116304397583,3.0005671977996826,-2.2936314444246326,0.6819249835202871,-0.07991679769442372,-0.4743370162287546,-9000.0,-0.47123889803846897,1600.0,0.0,-9000.0,1600.0
1770735125.8907807,5.96116304397583,3.0005671977996826,-2.2936314444246326,0.6819249835202871,-0.07991679769442372,-0.4743370162287546,-9000.0,-0.47123889803846897,1600.0,0.0,-9000.0,1600.0
1770735125.9407885,5.904541015625,2.955366849899292,-2.3255203305778323,0.6868027392734268,-0.08726149891741555,-0.4682265783672222,-9000.0,-0.47123889803846897,1600.0,0.0,-9000.0,1600.0
1770735125.9907944,5.904541015625,2.955366849899292,-2.3255203305778323,0.6868027392734268,-0.08726149891741555,-0.4682265783672222,-9000.0,-0.47123889803846897,1600.0,0.0,-9000.0,1600.0
1770735126.0407715,5.846797943115234,2.909882068634033,-2.3643470655814554,0.6915321796706806,-0.09348553852309537,-0.4539709461920023,-9000.0,-0.47123889803846897,1600.0,0.0,-9000.0,1600.0
1770735126.0906868,5.846797943115234,2.909882068634033,-2.3643470655814554,0.6915321796706806,-0.09348553852309537,-0.4539709461920023,-9000.0,-0.47123889803846897,1600.0,0.0,-9000.0,1600.0
1770735126.1407514,5.782107353210449,2.8658714294433594,-2.3921128705120918,0.6970905497250492,-0.09973932383946149,-0.4300140481684212,-9000.0,-0.47123889803846897,1600.0,0.0,-9000.0,1600.0
1770735126.1907651,5.782107353210449,2.8658714294433594,-2.3921128705120918,0.6970905497250492,-0.09973932383946149,-0.4300140481684212,-9000.0,-0.47123889803846897,1600.0,0.0,-9000.0,1600.0
1770735126.240827,5.718863010406494,2.826683521270752,-2.422461401273302,0.702422936963804,-0.10599921522061422,-0.4040306818215843,-9000.0,-0.47123889803846897,1600.0,0.0,-9000.0,1600.0
1770735126.2908378,5.718863010406494,2.826683521270752,-2.422461401273302,0.702422936963804,-0.10599921522061422,-0.4040306818215843,-9000.0,-0.47123889803846897,1600.0,0.0,-9000.0,1600.0
1770735126.340802,5.65199089050293,2.787052631378174,-2.449794528117849,0.7081013976906918,-0.11224310566976115,-0.3783715353505463,-9000.0,-0.47123889803846897,1600.0,0.0,-9000.0,1600.0
1770735126.3907723,5.65199089050293,2.787052631378174,-2.449794528117849,0.7081013976906918,-0.11224310566976115,-0.3783715353505463,-9000.0,-0.47123889803846897,1600.0,0.0,-9000.0,1600.0
1770735126.4407794,5.584218978881836,2.747776746749878,-2.4841704799810627,0.7145458474076822,-0.11777839926472632,-0.36111277340412073,-9000.0,-0.47123889803846897,1600.0,0.0,-9000.0,1600.0
1770735126.4907825,5.584218978881836,2.747776746749878,-2.4841704799810627,0.7145458474076822,-0.11777839926472632,-0.36111277340412073,-9000.0,-0.47123889803846897,1600.0,0.0,-9000.0,1600.0
1770735126.5407438,5.514781951904297,2.711808443069458,-2.517317274951264,0.7213739052343253,-0.12260309295898149,-0.350951833007416,-9000.0,-0.47123889803846897,1600.0,0.0,-9000.0,1600.0
1770735126.5907683,5.514781951904297,2.711808443069458,-2.517317274951264,0.7213739052343253,-0.12260309295898149,-0.350951833007416,-9000.0,-0.47123889803846897,1600.0,0.0,-9000.0,1600.0
1770735126.6407874,5.443185329437256,2.6728618144989014,-2.566244994245984,0.7296145391960748,-0.125591735193324,-0.35774096103405084,-9000.0,-0.47123889803846897,1600.0,0.0,-9000.0,1600.0
1770735126.690693,5.443185329437256,2.6728618144989014,-2.566244994245984,0.7296145391960748,-0.125591735193324,-0.35774096103405084,-9000.0,-0.47123889803846897,1600.0,0.0,-9000.0,1600.0
1770735126.740747,5.370017051696777,2.641695976257324,-2.606043805281116,0.738012969040256,-0.12764021341819667,-0.3689588582450039,-9000.0,-0.47123889803846897,1600.0,0.0,-9000.0,1600.0
1770735126.790751,5.370017051696777,2.641695976257324,-2.606043805281116,0.738012969040256,-0.12764021341819667,-0.3689588582450039,-9000.0,-0.47123889803846897,1600.0,0.0,-9000.0,1600.0
1770735126.840729,5.295142650604248,2.6102864742279053,-2.6540205231610448,0.7465682917253196,-0.12847933992175672,-0.38514445578855533,-9000.0,-0.47123889803846897,1600.0,0.0,-9000.0,1600.0
1770735126.8907712,5.295142650604248,2.6102864742279053,-2.6540205231610448,0.7465682917253196,-0.12847933992175672,-0.38514445578855533,-9000.0,-0.47123889803846897,1600.0,0.0,-9000.0,1600.0
1770735126.9408147,5.21964693069458,2.5826351642608643,-2.695900959859889,0.7546877895801429,-0.1281493194652411,-0.39827669227130247,-9000.0,-0.47123889803846897,1600.0,0.0,-9000.0,1600.0
1770735126.9907417,5.21964693069458,2.5826351642608643,-2.695900959859889,0.7546877895801429,-0.1281493194652411,-0.39827669227130247,-9000.0,-0.47123889803846897,1600.0,0.0,-9000.0,1600.0
1770735127.040837,5.139492511749268,2.556364059448242,-2.7374387912953413,0.7631951846536992,-0.12708483445310464,-0.40638206146941125,-9000.0,-0.47123889803846897,1600.0,0.0,-9000.0,1600.0
1770735127.0907502,5.139492511749268,2.556364059448242,-2.7374387912953413,0.7631951846536992,-0.12708483445310464,-0.40638206146941125,-9000.0,-0.47123889803846897,1600.0,0.0,-9000.0,1600.0
1770735127.1407442,5.059366703033447,2.53545880317688,-2.788572508444874,0.7714439398687738,-0.12580874403373518,-0.4180052466828367,-9000.0,-0.47123889803846897,1600.0,0.0,-9000.0,1600.0
1770735127.1907363,5.059366703033447,2.53545880317688,-2.788572508444874,0.7714439398687738,-0.12580874403373518,-0.4180052466828367,-9000.0,-0.47123889803846897,1600.0,0.0,-9000.0,1600.0
1770735127.240739,4.975746154785156,2.515117883682251,-2.8311288356248854,0.7801614042546149,-0.12418537321552955,-0.42607496972575576,-9000.0,-0.47123889803846897,1600.0,0.0,-9000.0,1600.0
1770735127.2908049,4.975746154785156,2.515117883682251,-2.8311288356248854,0.7801614042546149,-0.12418537321552955,-0.42607496972575576,-9000.0,-0.47123889803846897,1600.0,0.0,-9000.0,1600.0
1770735127.340738,4.891408443450928,2.496781349182129,-2.8658441480975263,0.7894349242786002,-0.12176061352997952,-0.42353499032458447,-9000.0,-0.47123889803846897,1600.0,0.0,-9000.0,1600.0
1770735127.3907928,4.891408443450928,2.496781349182129,-2.8658441480975263,0.7894349242786002,-0.12176061352997952,-0.42353499032458447,-9000.0,-0.47123889803846897,1600.0,0.0,-9000.0,1600.0
1770735127.440792,4.807570934295654,2.4843177795410156,-2.9016289907717505,0.7982491744082661,-0.11914359585826133,-0.41445729373565765,-9000.0,-0.47123889803846897,1600.0,0.0,-9000.0,1600.0
1770735127.4907393,4.807570934295654,2.4843177795410156,-2.9016289907717505,0.7982491744082661,-0.11914359585826133,-0.41445729373565765,-9000.0,-0.47123889803846897,1600.0,0.0,-9000.0,1600.0
1770735127.5406897,4.721498489379883,2.474181890487671,-2.9312167273266674,0.806622395920692,-0.11677596434731546,-0.3983435333685774,-9000.0,-0.47123889803846897,1600.0,0.0,-9000.0,1600.0
1770735127.5907342,4.721498489379883,2.474181890487671,-2.9312167273266674,0.806622395920692,-0.11677596434731546,-0.3983435333685774,-9000.0,-0.47123889803846897,1600.0,0.0,-9000.0,1600.0
1770735127.6407518,4.634464263916016,2.466283082962036,-2.9588653792298336,0.8146244410280234,-0.1147661549011081,-0.37777408620758773,-9000.0,-0.47123889803846897,1600.0,0.0,-9000.0,1600.0
1770735127.6906593,4.634464263916016,2.466283082962036,-2.9588653792298336,0.8146244410280234,-0.1147661549011081,-0.37777408620758773,-9000.0,-0.47123889803846897,1600.0,0.0,-9000.0,1600.0
1770735127.7407165,4.546752452850342,2.4598588943481445,-2.9927893958102034,0.8224457518424201,-0.11279808652616548,-0.36192961618629027,-9000.0,-0.47123889803846897,1600.0,0.0,-9000.0,1600.0
1770735127.7907631,4.546752452850342,2.4598588943481445,-2.9927893958102034,0.8224457518424201,-0.11279808652616548,-0.36192961618629027,-9000.0,-0.47123889803846897,1600.0,0.0,-9000.0,1600.0
1770735127.8407638,4.458964824676514,2.455831527709961,-3.0285442867620813,0.8300092508255774,-0.11061090034475018,-0.3537319398884609,-9000.0,-0.47123889803846897,1600.0,0.0,-9000.0,1600.0
1770735127.8908255,4.458964824676514,2.455831527709961,-3.0285442867620813,0.8300092508255774,-0.11061090034475018,-0.3537319398884609,-9000.0,-0.47123889803846897,1600.0,0.0,-9000.0,1600.0
1770735127.9407184,4.372086048126221,2.454712152481079,-3.0656039199481,0.8367173249992625,-0.10803867605912071,-0.3522069267688849,-9000.0,-0.47123889803846897,1600.0,0.0,-9000.0,1600.0
1770735127.9907947,4.372086048126221,2.454712152481079,-3.0656039199481,0.8367173249992625,-0.10803867605912071,-0.3522069267688849,-9000.0,-0.47123889803846897,1600.0,0.0,-9000.0,1600.0
1770735128.0407732,4.285262584686279,2.4580423831939697,-3.1064038266327154,0.8421670931198925,-0.10554699545019393,-0.35734379292289314,-9000.0,-0.47123889803846897,1600.0,0.0,-9000.0,1600.0
1770735128.0907624,4.285262584686279,2.4580423831939697,-3.1064038266327154,0.8421670931198925,-0.10554699545019393,-0.35734379292289314,-9000.0,-0.47123889803846897,1600.0,0.0,-9000.0,1600.0
1770735128.1408217,4.197902679443359,2.4636588096618652,-3.147655147130863,0.8466117503655921,-0.10308430075500184,-0.36625553964222973,0.0,0.0,0.0,0.0,0.0,0.0
1770735128.1907856,4.197902679443359,2.4636588096618652,-3.147655147130863,0.8466117503655921,-0.10308430075500184,-0.36625553964222973,0.0,0.0,0.0,0.0,0.0,0.0
1770735128.2407389,4.111169338226318,2.470698595046997,-3.1916368543000617,0.8502131558783215,-0.09996754468731231,-0.37805429544154506,0.0,0.0,0.0,0.0,0.0,0.0
1770735128.290729,4.111169338226318,2.470698595046997,-3.1916368543000617,0.8502131558783215,-0.09996754468731231,-0.37805429544154506,0.0,0.0,0.0,0.0,0.0,0.0
1770735128.3407724,4.023529052734375,2.478677988052368,-3.2335151705065517,0.8535571856094128,-0.09532872673748255,-0.38870425396232605,0.0,0.0,0.0,0.0,0.0,0.0
1770735128.390817,4.023529052734375,2.478677988052368,-3.2335151705065517,0.8535571856094128,-0.09532872673748255,-0.38870425396232605,0.0,0.0,0.0,0.0,0.0,0.0
1770735128.4407864,3.9368691444396973,2.4899163246154785,-3.274550254599133,0.8565857333661805,-0.08910753013474042,-0.3962200518906807,0.0,0.0,0.0,0.0,0.0,0.0
1770735128.4908376,3.9368691444396973,2.4899163246154785,-3.274550254599133,0.8565857333661805,-0.08910753013474042,-0.3962200518906807,0.0,0.0,0.0,0.0,0.0,0.0
1770735128.5408344,3.8495612144470215,2.506117105484009,-3.3100604783750645,0.8594989208402407,-0.0823136544761303,-0.3965134233703384,0.0,0.0,0.0,0.0,0.0,0.0
1770735128.590853,3.8495612144470215,2.506117105484009,-3.3100604783750645,0.8594989208402407,-0.0823136544761303,-0.3965134233703384,0.0,0.0,0.0,0.0,0.0,0.0
1770735128.6407764,3.7647151947021484,2.5209739208221436,-3.3212467819636577,0.8617094390394298,-0.07443665097588559,-0.3725769467333736,0.0,0.0,0.0,0.0,0.0,0.0
1770735128.6907709,3.7647151947021484,2.5209739208221436,-3.3212467819636577,0.8617094390394298,-0.07443665097588559,-0.3725769467333736,0.0,0.0,0.0,0.0,0.0,0.0
