1769433210.58326,6.03861832618713,5.63345146179199,4.83850649999413,0.849431850169114,0.426886852337936,0.220381091021625,-1000,-0.05235987755983,1600,0,-1000,1600
1769433210.63334,6.03861832618713,5.63345146179199,4.83850649999413,0.849431850169114,0.426886852337936,0.220381091021625,-1000,-0.05235987755983,1600,0,-1000,1600
1769433210.68338,6.06726217269897,5.54618120193481,4.83863000767693,0.858215912041015,0.352223250801804,0.172264151249421,-2000,-0.10471975511966,1600,0,-2000,1600
1769433210.73336,6.06726217269897,5.54618120193481,4.83863000767693,0.858215912041015,0.352223250801804,0.172264151249421,-3000,-0.15707963267949,1600,0,-3000,1600
1769433210.78333,6.09588885307312,5.45693492889404,4.84332431390008,0.862229747221328,0.29965016561984,0.138560186226715,-3000,-0.15707963267949,1600,0,-3000,1600
1769433210.8334,6.09588885307312,5.45693492889404,4.84332431390008,0.862229747221328,0.29965016561984,0.138560186226715,-4000,-0.20943951023932,1600,0,-4000,1600
1769433210.8833,6.12503147125244,5.36728429794312,4.84917481899916,0.865652610676518,0.263617613853671,0.116533945096569,-4000,-0.20943951023932,1600,0,-4000,1600
1769433210.93346,6.12503147125244,5.36728429794312,4.84917481899916,0.865652610676518,0.263617613853671,0.116533945096569,-5000,-0.261799387799149,1600,0,-5000,1600
1769433210.9834,6.15456748008728,5.27670526504517,4.8548429733289,0.87052651254721,0.239333185782054,0.102138152380401,-6000,-0.314159265358979,1600,0,-6000,1600
1769433211.03342,6.15456748008728,5.27670526504517,4.8548429733289,0.87052651254721,0.239333185782054,0.102138152380401,-6000,-0.314159265358979,1600,0,-6000,1600
1769433211.08339,6.1851077079773,5.18528985977173,4.85450290414533,0.877511411583515,0.223171558191933,0.087520441146123,-7000,-0.366519142918809,1600,0,-7000,1600
1769433211.13346,6.1851077079773,5.18528985977173,4.85450290414533,0.877511411583515,0.223171558191933,0.087520441146123,-8000,-0.418879020478639,1600,0,-8000,1600
1769433211.18338,6.21564650535584,5.09311151504517,4.850395111487,0.886360154934815,0.212289614535286,0.068988659991906,-8000,-0.418879020478639,1600,0,-8000,1600
1769433211.23344,6.21564650535584,5.09311151504517,4.850395111487,0.886360154934815,0.212289614535286,0.068988659991906,-9000,-0.471238898038469,1600,0,-9000,1600
1769433211.28331,6.24623346328735,5.00091457366943,4.8356516061584,0.89628311305606,0.204931637141243,0.040519177410124,-9000,-0.471238898038469,1600,0,-9000,1600
1769433211.33338,6.24623346328735,5.00091457366943,4.8356516061584,0.89628311305606,0.204931637141243,0.040519177410124,-9000,-0.471238898038469,1600,0,-9000,1600
1769433211.38331,6.27674579620361,4.90906524658203,4.81241526647277,0.90615071920613,0.20019528124311,0.000322581583003,-9000,-0.471238898038469,1600,0,-9000,1600
1769433211.43335,6.27674579620361,4.90906524658203,4.81241526647277,0.90615071920613,0.20019528124311,0.000322581583003,-9000,-0.471238898038469,1600,0,-9000,1600
1769433211.48341,6.30623316764832,4.81643581390381,4.77604553520305,0.91528799423072,0.19769609033999,-0.054000746897877,-9000,-0.471238898038469,1600,0,-9000,1600
1769433211.53343,6.30623316764832,4.81643581390381,4.77604553520305,0.91528799423072,0.19769609033999,-0.054000746897877,-9000,-0.471238898038469,1600,0,-9000,1600
1769433211.58356,6.33392333984375,4.7242317199707,4.7303001991199,0.922867194318017,0.19735815325264,-0.120223498907265,-9000,-0.471238898038469,1600,0,-9000,1600
1769433211.63339,6.33392333984375,4.7242317199707,4.7303001991199,0.922867194318017,0.19735815325264,-0.120223498907265,-8000,-0.418879020478639,1600,0,-8000,1600
1769433211.68334,6.35917043685913,4.63205718994141,4.68102458738495,0.928276563142369,0.199223031200297,-0.19023006618391,-7000,-0.366519142918809,1600,0,-7000,1600
1769433211.7333,6.35917043685913,4.63205718994141,4.68102458738495,0.928276563142369,0.199223031200297,-0.19023006618391,-6000,-0.314159265358979,1600,0,-6000,1600
1769433211.78332,6.3810465335846,4.53976583480835,4.62476958302868,0.931185938980541,0.203192416865104,-0.260390961831997,-5000,-0.261799387799149,1600,0,-5000,1600
1769433211.83335,6.3810465335846,4.53976583480835,4.62476958302868,0.931185938980541,0.203192416865104,-0.260390961831997,-4000,-0.20943951023932,1600,0,-4000,1600
1769433211.88338,6.39819002151489,4.44690322875977,4.56640990892582,0.931647334574728,0.208745297149463,-0.32589145000074,-3000,-0.15707963267949,1600,0,-3000,1600
1769433211.93337,6.39819002151489,4.44690322875977,4.56640990892582,0.931647334574728,0.208745297149463,-0.32589145000074,-2000,-0.10471975511966,1600,0,-2000,1600
1769433211.98341,6.4093861579895,4.35329723358154,4.51114467649089,0.93004231505193,0.214887611105513,-0.379978320568788,-1000,-0.05235987755983,1600,0,-1000,1600
1769433212.03336,6.4093861579895,4.35329723358154,4.51114467649089,0.93004231505193,0.214887611105513,-0.379978320568788,0,0,1600,0,0,1600
1769433212.08334,6.41643285751343,4.25976896286011,4.4653583014394,0.92674419484094,0.221103127526298,-0.414186354409458,0,0,1600,0,0,1600
1769433212.13338,6.41643285751343,4.25976896286011,4.4653583014394,0.92674419484094,0.221103127526298,-0.414186354409458,0,0,1600,0,0,1600
1769433212.18336,6.41983675956726,4.1665301322937,4.42479033547273,0.922214975653228,0.227178900490597,-0.428210016284633,0,0,1600,0,0,1600
1769433212.23344,6.41983675956726,4.1665301322937,4.42479033547273,0.922214975653228,0.227178900490597,-0.428210016284633,0,0,1600,0,0,1600
1769433212.28338,6.41944789886475,4.08853673934937,4.39422514372359,0.91210854442354,0.232364092925115,-0.421669001358109,0,0,1600,0,0,1600
1769433212.33331,6.41944789886475,4.08853673934937,4.39422514372359,0.91210854442354,0.232364092925115,-0.421669001358109,0,0,1600,0,0,1600
1769433212.38334,6.41250419616699,3.97755885124207,4.37278862186961,0.906900828664164,0.236080378021607,-0.396613076514488,0,0,1600,0,0,1600
1769433212.43336,6.41250419616699,3.97755885124207,4.37278862186961,0.906900828664164,0.236080378021607,-0.396613076514488,0,0,1600,0,0,1600
1769433212.48338,6.40087628364563,3.88279986381531,4.37191199147015,0.905192058207958,0.237136718984344,-0.347351442224861,0,0,1600,0,0,1600
1769433212.53338,6.40087628364563,3.88279986381531,4.37191199147015,0.905192058207958,0.237136718984344,-0.347351442224861,0,0,1600,0,0,1600
1769433212.5834,6.38707423210144,3.78869342803955,4.38068190209385,0.905808238129727,0.235029486520976,-0.279023782395905,0,0,1600,0,0,1600
1769433212.63336,6.38707423210144,3.78869342803955,4.38068190209385,0.905808238129727,0.235029486520976,-0.279023782395905,0,0,1600,0,0,1600
1769433212.68331,6.37579607963562,3.71024632453918,4.39343036150632,0.902906789241157,0.22980183085057,-0.20343120105951,0,0,1700,0,0,1700
1769433212.7334,6.37579607963562,3.71024632453918,4.39343036150632,0.902906789241157,0.22980183085057,-0.20343120105951,0,0,1700,0,0,1700
1769433212.78334,6.36104464530945,3.59988284111023,4.40670116250122,0.905307360156317,0.223257699315757,-0.132051775378377,0,0,1700,0,0,1700
1769433212.83337,6.36104464530945,3.59988284111023,4.40670116250122,0.905307360156317,0.223257699315757,-0.132051775378377,0,0,1700,0,0,1700
1769433212.88343,6.34698867797852,3.50440812110901,4.41891095714214,0.910830668470499,0.2154709521769,-0.072340238698103,0,0,1700,0,0,1700
1769433212.93337,6.34698867797852,3.50440812110901,4.41891095714214,0.910830668470499,0.2154709521769,-0.072340238698103,0,0,1700,0,0,1700
1769433212.98332,6.33262276649475,3.40887880325317,4.42965063033227,0.917863517508013,0.206487060744853,-0.026967212377099,0,0,1700,0,0,1700
1769433213.0334,6.33262276649475,3.40887880325317,4.42965063033227,0.917863517508013,0.206487060744853,-0.026967212377099,0,0,1700,0,0,1700
1769433213.08332,6.3214054107666,3.31407952308655,4.4359093781029,0.924742558678934,0.197442145202479,0.002475471177138,0,0,1700,0,0,1700
1769433213.13336,6.3214054107666,3.31407952308655,4.4359093781029,0.924742558678934,0.197442145202479,0.002475471177138,0,0,1700,0,0,1700
1769433213.18339,6.31229901313782,3.21851396560669,4.438071313848,0.930696972668956,0.189618452418026,0.016891022465074,0,0,1700,0,0,1700
1769433213.23336,6.31229901313782,3.21851396560669,4.438071313848,0.930696972668956,0.189618452418026,0.016891022465074,0,0,1700,0,0,1700
1769433213.28338,6.30230498313904,3.12233471870422,4.43910612786746,0.935666457072352,0.183176593268617,0.020928237625476,0,0,1700,0,0,1700
1769433213.33338,6.30230498313904,3.12233471870422,4.43910612786746,0.935666457072352,0.183176593268617,0.020928237625476,0,0,1700,0,0,1700
1769433213.38331,6.29093432426453,3.02579641342163,4.44539669039312,0.939968439410574,0.177603902725688,0.023968696408304,0,0,1700,0,0,1700
1769433213.43338,6.29093432426453,3.02579641342163,4.44539669039312,0.939968439410574,0.177603902725688,0.023968696408304,0,0,1700,0,0,1700
1769433213.4833,6.28032994270325,2.92945861816406,4.45131871967599,0.943610422861396,0.17274457572114,0.028227035572452,0,0,1700,0,0,1700
1769433213.53331,6.28032994270325,2.92945861816406,4.45131871967599,0.943610422861396,0.17274457572114,0.028227035572452,0,0,1700,0,0,1700
1769433213.58339,6.27135586738586,2.83304190635681,4.45638584548702,0.946558780017334,0.168908885662405,0.032720130659925,0,0,1700,0,0,1700
1769433213.63341,6.27135586738586,2.83304190635681,4.45638584548702,0.946558780017334,0.168908885662405,0.032720130659925,0,0,1700,0,0,1700
1769433213.68338,6.26342391967773,2.73716235160828,4.45649184617885,0.948561596040246,0.166283456623964,0.03286539169952,0,0,1700,0,0,1700
1769433213.73336,6.26342391967773,2.73716235160828,4.45649184617885,0.948561596040246,0.166283456623964,0.03286539169952,0,0,1700,0,0,1700
1769433213.78331,6.25403308868408,2.64087176322937,4.45881789920022,0.949995533337696,0.164295335985149,0.031130165053121,0,0,1700,0,0,1700
1769433213.83337,6.25403308868408,2.64087176322937,4.45881789920022,0.949995533337696,0.164295335985149,0.031130165053121,0,0,1700,0,0,1700
1769433213.88333,6.24412870407105,2.54371476173401,4.46369252578757,0.951387266622345,0.162439702736252,0.031052719735268,0,0,1700,0,0,1700
1769433213.93338,6.24412870407105,2.54371476173401,4.46369252578757,0.951387266622345,0.162439702736252,0.031052719735268,0,0,1800,0,0,1800
1769433213.98334,6.23512578010559,2.44628262519836,4.47352287367979,0.95290690036749,0.160655512572111,0.036690055734754,0,0,1800,0,0,1800
1769433214.03343,6.23512578010559,2.44628262519836,4.47352287367979,0.95290690036749,0.160655512572111,0.036690055734754,0,0,1800,0,0,1800
1769433214.0834,6.22676682472229,2.34936809539795,4.48160120752662,0.95441525808186,0.158902462787352,0.044769593763059,0,0,1800,0,0,1800
1769433214.13336,6.22676682472229,2.34936809539795,4.48160120752662,0.95441525808186,0.158902462787352,0.044769593763059,0,0,1800,0,0,1800
1769433214.18332,6.21946144104004,2.25184941291809,4.48638088619557,0.955972917071158,0.157383982860911,0.050232785866028,0,0,1800,0,0,1800
1769433214.23339,6.21946144104004,2.25184941291809,4.48638088619557,0.955972917071158,0.157383982860911,0.050232785866028,0,0,1800,0,0,1800
1769433214.28342,6.2126190662384,2.15415835380554,4.48844235692617,0.957589572409036,0.156182277250526,0.050399449920151,0,0,1800,0,0,1800
1769433214.33342,6.2126190662384,2.15415835380554,4.48844235692617,0.957589572409036,0.156182277250526,0.050399449920151,0,0,1800,0,0,1800
1769433214.38348,6.20549726486206,2.05503821372986,4.49583444436737,0.959661725621458,0.155150300386441,0.051029936360801,0,0,1800,0,0,1800
1769433214.43334,6.20549726486206,2.05503821372986,4.49583444436737,0.959661725621458,0.155150300386441,0.051029936360801,0,0,1800,0,0,1800
1769433214.48335,6.19971203804016,1.9550107717514,4.51238965686777,0.962397350364488,0.15440592969568,0.06048206706196,0,0,1800,0,0,1800
1769433214.53342,6.19971203804016,1.9550107717514,4.51238965686777,0.962397350364488,0.15440592969568,0.06048206706196,0,0,1800,0,0,1800
1769433214.58332,6.19538998603821,1.85553598403931,4.52049264460692,0.965498308063659,0.154064509839192,0.069663140171674,0,0,1900,0,0,1900
1769433214.63328,6.19538998603821,1.85553598403931,4.52049264460692,0.965498308063659,0.154064509839192,0.069663140171674,0,0,1900,0,0,1900
1769433214.6833,6.19146060943604,1.75610327720642,4.53119884317323,0.968635434689772,0.153878987644377,0.077790120140409,0,0,1900,0,0,1900
1769433214.73335,6.19146060943604,1.75610327720642,4.53119884317323,0.968635434689772,0.153878987644377,0.077790120140409,0,0,2000,0,0,2000
1769433214.78334,6.18851184844971,1.65594971179962,4.53906321457559,0.971779766734045,0.153769152107047,0.082241708437098,0,0,2000,0,0,2000
1769433214.8334,6.18851184844971,1.65594971179962,4.53906321457559,0.971779766734045,0.153769152107047,0.082241708437098,0,0,2000,0,0,2000
1769433214.88336,6.18674635887146,1.55577099323273,4.54356758739616,0.974785777418935,0.153815666652469,0.080965717346689,0,0,2000,0,0,2000
1769433214.93341,6.18674635887146,1.55577099323273,4.54356758739616,0.974785777418935,0.153815666652469,0.080965717346689,0,0,2000,0,0,2000
1769433214.98335,6.18615818023682,1.45383787155151,4.54864839441911,0.978055847457609,0.154305820253795,0.076464037547372,0,0,2000,0,0,2000
1769433215.03337,6.18615818023682,1.45383787155151,4.54864839441911,0.978055847457609,0.154305820253795,0.076464037547372,0,0,2000,0,0,2000
1769433215.08336,6.1874988079071,1.34536874294281,4.55519450827558,0.983572598681969,0.156065261413305,0.072232905528073,0,0,2000,0,0,2000
1769433215.13338,6.1874988079071,1.34536874294281,4.55519450827558,0.983572598681969,0.156065261413305,0.072232905528073,0,0,2000,0,0,2000
1769433215.18332,6.18890190124512,1.23038220405579,4.55614421419335,0.993555514126697,0.159342179664379,0.064953861602496,0,0,2000,0,0,2000
1769433215.2333,6.18890190124512,1.23038220405579,4.55614421419335,0.993555514126697,0.159342179664379,0.064953861602496,0,0,2000,0,0,2000
1769433215.28338,6.19043827056885,1.11055099964142,4.55419233269366,1.0091848783527,0.164023832095554,0.053423046590697,0,0,2000,0,0,2000
1769433215.33331,6.19043827056885,1.11055099964142,4.55419233269366,1.0091848783527,0.164023832095554,0.053423046590697,0,0,2000,0,0,2000
1769433215.38333,6.19221472740173,0.9871386885643,4.56233063515989,1.03037316057012,0.169739147612141,0.047969705072847,0,0,2000,0,0,2000
1769433215.43339,6.19221472740173,0.9871386885643,4.56233063515989,1.03037316057012,0.169739147612141,0.047969705072847,0,0,2000,0,0,2000
1769433215.48334,6.19557809829712,0.862014949321747,4.56592594122711,1.05569905865917,0.176350181012319,0.045408770618441,0,0,2000,0,0,2000
1769433215.53337,6.19557809829712,0.862014949321747,4.56592594122711,1.05569905865917,0.176350181012319,0.045408770618441,0,0,2000,0,0,2000
1769433215.58331,6.19753766059876,0.757143199443817,4.56684850870828,1.07657753222754,0.181732990080357,0.041820112940061,0,0,2000,0,0,2000
1769433215.63331,6.19753766059876,0.757143199443817,4.56684850870828,1.07657753222754,0.181732990080357,0.041820112940061,0,0,2000,0,0,2000
1769433215.68336,6.2024130821228,0.60833615064621,4.5702766894053,1.10349974689591,0.188253932678709,0.038923066452207,0,0,2000,0,0,2000
1769433215.73341,6.2024130821228,0.60833615064621,4.5702766894053,1.10349974689591,0.188253932678709,0.038923066452207,0,0,2000,0,0,2000
1769433215.78335,6.20732617378235,0.4809889793396,4.57627379409484,1.13186685428406,0.195102759235542,0.039085123835241,0,0,2000,0,0,2000
1769433215.8334,6.20732617378235,0.4809889793396,4.57627379409484,1.13186685428406,0.195102759235542,0.039085123835241,0,0,2000,0,0,2000
1769433215.88333,6.21283769607544,0.353691160678863,4.58310487090751,1.15854766001142,0.201626473894749,0.042221049881968,0,0,2000,0,0,2000
1769433215.93328,6.21283769607544,0.353691160678863,4.58310487090751,1.15854766001142,0.201626473894749,0.042221049881968,0,0,2000,0,0,2000
1769433215.98338,6.21960783004761,0.226754426956177,4.59119853877086,1.18165658032188,0.207531003755698,0.047779914502426,0,0,2000,0,0,2000
1769433216.03342,6.21960783004761,0.226754426956177,4.59119853877086,1.18165658032188,0.207531003755698,0.047779914502426,0,0,2000,0,0,2000
1769433216.08337,6.22698378562927,0.099532954394817,4.59803113191013,1.20058913266687,0.212563350310259,0.053169074859351,0,0,2000,0,0,2000
1769433216.13335,6.22698378562927,0.099532954394817,4.59803113191013,1.20058913266687,0.212563350310259,0.053169074859351,0,0,2000,0,0,2000
1769433216.18334,6.23421859741211,-0.026109665632248,4.59786533196563,1.21490052383337,0.216333998917557,0.05190881756276,0,0,2000,0,0,2000
1769433216.23338,6.23421859741211,-0.026109665632248,4.59786533196563,1.21490052383337,0.216333998917557,0.05190881756276,0,0,2000,0,0,2000
1769433216.28329,6.24256134033203,-0.15156427025795,4.59905976468721,1.22488977107715,0.219078099457883,0.046421758134272,0,0,2000,0,0,2000
1769433216.33346,6.24256134033203,-0.15156427025795,4.59905976468721,1.22488977107715,0.219078099457883,0.046421758134272,0,0,2000,0,0,2000
1769433216.38333,6.25145649909973,-0.276169210672379,4.60275247305963,1.23103954904986,0.221073222573619,0.041497455989241,0,0,2000,0,0,2000
1769433216.4333,6.25145649909973,-0.276169210672379,4.60275247305963,1.23103954904986,0.221073222573619,0.041497455989241,0,0,2000,0,0,2000
1769433216.4833,6.26016569137573,-0.399650931358337,4.60157329833064,1.23384109359239,0.222385698765364,0.034643035695575,0,0,2000,0,0,2000
1769433216.53339,6.26016569137573,-0.399650931358337,4.60157329833064,1.23384109359239,0.222385698765364,0.034643035695575,0,0,2000,0,0,2000
1769433216.58604,6.27095127105713,-0.524126470088959,4.6094423996436,1.23438931914066,0.223728744303023,0.033697875580232,0,0,2000,0,0,2000
1769433216.63344,6.27095127105713,-0.524126470088959,4.6094423996436,1.23438931914066,0.223728744303023,0.033697875580232,0,0,2000,0,0,2000
1769433216.68348,6.28105330467224,-0.647443890571594,4.61012621098999,1.23326185296428,0.224969021355605,0.032505628412418,0,0,2000,0,0,2000
1769433216.73347,6.28105330467224,-0.647443890571594,4.61012621098999,1.23326185296428,0.224969021355605,0.032505628412418,0,0,2000,0,0,2000
1769433216.78337,6.29332280158997,-0.770670056343079,4.61591598122082,1.2310515965624,0.226580760141055,0.033753234085774,-1000,-0.05235987755983,2000,0,-1000,2000
1769433216.8335,6.29332280158997,-0.770670056343079,4.61591598122082,1.2310515965624,0.226580760141055,0.033753234085774,-1000,-0.05235987755983,2000,0,-1000,2000
1769433216.88331,6.3024640083313,-0.89221602678299,4.61564751906076,1.22790896643908,0.227470206669874,0.03221254790997,0,0,2000,0,0,2000
1769433216.93324,6.3024640083313,-0.89221602678299,4.61564751906076,1.22790896643908,0.227470206669874,0.03221254790997,0,0,2000,0,0,2000
1769433216.98331,6.31525206565857,-1.01428294181824,4.61415389089796,1.22424393010882,0.228469225914502,0.026950497615157,0,0,2000,0,0,2000
1769433217.03335,6.31525206565857,-1.01428294181824,4.61415389089796,1.22424393010882,0.228469225914502,0.026950497615157,0,0,2000,0,0,2000
1769433217.08331,6.32520222663879,-1.13533055782318,4.61691708906597,1.22023484622854,0.228884902338699,0.023076095788972,0,0,2000,0,0,2000
1769433217.13333,6.32520222663879,-1.13533055782318,4.61691708906597,1.22023484622854,0.228884902338699,0.023076095788972,0,0,2000,0,0,2000
1769433217.1834,6.33639216423035,-1.25619745254517,4.61096062163467,1.21605166159816,0.228992457906029,0.014726551624175,0,0,2000,0,0,2000
1769433217.23335,6.33639216423035,-1.25619745254517,4.61096062163467,1.21605166159816,0.228992457906029,0.014726551624175,0,0,2000,0,0,2000
1769433217.2834,6.34895324707031,-1.3780882358551,4.61816783251886,1.21221964451439,0.229402614242974,0.013340362455129,0,0,2000,0,0,2000
1769433217.33331,6.34895324707031,-1.3780882358551,4.61816783251886,1.21221964451439,0.229402614242974,0.013340362455129,0,0,2000,0,0,2000
1769433217.38323,6.35991525650024,-1.49740326404572,4.61989086355702,1.20823475290268,0.229616570350207,0.014567779995904,0,0,2000,0,0,2000
1769433217.43324,6.35991525650024,-1.49740326404572,4.61989086355702,1.20823475290268,0.229616570350207,0.014567779995904,0,0,2000,0,0,2000
1769433217.48329,6.37097501754761,-1.61706912517548,4.61539120077491,1.20417460939311,0.229521911356628,0.011245828984816,0,0,2000,0,0,2000
1769433217.53333,6.37097501754761,-1.61706912517548,4.61539120077491,1.20417460939311,0.229521911356628,0.011245828984816,0,0,2000,0,0,2000
1769433217.58321,6.38440036773682,-1.73825454711914,4.6179840388218,1.20063394980304,0.229935995143241,0.009375467311287,0,0,2000,0,0,2000
1769433217.6333,6.38440036773682,-1.73825454711914,4.6179840388218,1.20063394980304,0.229935995143241,0.009375467311287,0,0,2000,0,0,2000
1769433217.68328,6.39563846588135,-1.85777568817139,4.63086651860163,1.19741537848904,0.230126658022247,0.018025023574356,0,0,2000,0,0,2000
1769433217.73329,6.39563846588135,-1.85777568817139,4.63086651860163,1.19741537848904,0.230126658022247,0.018025023574356,0,0,2000,0,0,2000
1769433217.7834,6.41183686256409,-1.97762739658356,4.63336746411511,1.19447300917009,0.231228739716132,0.026109731741134,0,0,2000,0,0,2000
1769433217.83331,6.41183686256409,-1.97762739658356,4.63336746411511,1.19447300917009,0.231228739716132,0.026109731741134,0,0,2000,0,0,2000
1769433217.88339,6.41958594322205,-2.09442758560181,4.62808190527801,1.19113522060381,0.230635008933904,0.024409632929367,0,0,2000,0,0,2000
1769433217.93334,6.41958594322205,-2.09442758560181,4.62808190527801,1.19113522060381,0.230635008933904,0.024409632929367,0,0,2000,0,0,2000
1769433217.98342,6.43383765220642,-2.2159903049469,4.61384592720344,1.1885853258814,0.230065957637246,0.007957506605202,0,0,2000,0,0,2000
1769433218.03342,6.43383765220642,-2.2159903049469,4.61384592720344,1.1885853258814,0.230065957637246,0.007957506605202,0,0,2000,0,0,2000
1769433218.08341,6.45113348960876,-2.33722829818726,4.63290425449383,1.18704482953741,0.231130714024192,0.009222436226625,0,0,2000,0,0,2000
1769433218.1334,6.45113348960876,-2.33722829818726,4.63290425449383,1.18704482953741,0.231130714024192,0.009222436226625,0,0,2000,0,0,2000
1769433218.18336,6.45482444763184,-2.45371007919312,4.62070892243379,1.1852720600906,0.229665978753307,0.004026771243884,0,0,2000,0,0,2000
1769433218.23345,6.45482444763184,-2.45371007919312,4.62070892243379,1.1852720600906,0.229665978753307,0.004026771243884,0,0,2000,0,0,2000
1769433218.28345,6.47137355804443,-2.57473874092102,4.61063184944481,1.1839423153816,0.229015255196502,-0.008742642106535,0,0,2000,0,0,2000
1769433218.33343,6.47137355804443,-2.57473874092102,4.61063184944481,1.1839423153816,0.229015255196502,-0.008742642106535,0,0,2000,0,0,2000
1769433218.38329,6.48958468437195,-2.69957327842712,4.61988468800752,1.18442391111237,0.231077994748867,-0.009980299244543,0,0,2000,0,0,2000
1769433218.43343,6.48958468437195,-2.69957327842712,4.61988468800752,1.18442391111237,0.231077994748867,-0.009980299244543,0,0,2000,0,0,2000
1769433218.48335,6.49689793586731,-2.81849932670593,4.60254812410306,1.18530550878102,0.232562789149435,-0.020643286585537,0,0,2000,0,0,2000
1769433218.53348,6.49689793586731,-2.81849932670593,4.60254812410306,1.18530550878102,0.232562789149435,-0.020643286585537,0,0,2000,0,0,2000
1769433218.5834,6.50825071334839,-2.93931031227112,4.60531355700123,1.18626074095042,0.233682635869075,-0.025291461338854,0,0,2000,0,0,2000
1769433218.63339,6.50825071334839,-2.93931031227112,4.60531355700123,1.18626074095042,0.233682635869075,-0.025291461338854,0,0,2000,0,0,2000
1769433218.68335,6.52551627159119,-3.06366539001465,4.66270364515889,1.18824340820274,0.235864442934482,0.020479621144185,0,0,2000,0,0,2000
1769433218.73331,6.52551627159119,-3.06366539001465,4.66270364515889,1.18824340820274,0.235864442934482,0.020479621144185,0,0,2000,0,0,2000
1769433218.7833,6.52523589134216,-3.17633128166199,4.56855454778704,1.18804009063976,0.234036023814435,-0.01629156955392,0,0,2000,0,0,2000
1769433218.8333,6.52523589134216,-3.17633128166199,4.56855454778704,1.18804009063976,0.234036023814435,-0.01629156955392,0,0,2000,0,0,2000
1769433218.88321,6.52242708206177,-3.25045680999756,4.46936199115567,1.17218237940163,0.22717138838349,-0.134107981869816,0,0,2000,0,0,2000
1769433218.93328,6.52242708206177,-3.25045680999756,4.46936199115567,1.17218237940163,0.22717138838349,-0.134107981869816,0,0,2000,0,0,2000
1769433218.98349,6.52242708206177,-3.25045680999756,4.46936199115567,1.11518668194483,0.21575682509711,-0.210975790347049,0,0,2000,0,0,2000
1769433219.03329,6.52242708206177,-3.25045680999756,4.46936199115567,1.11518668194483,0.21575682509711,-0.210975790347049,0,0,2000,0,0,2000
1769433219.08344,6.52242708206177,-3.25045680999756,4.46936199115567,1.0174288389986,0.200413229498963,-0.228310955322388,0,0,2000,0,0,2000
1769433219.13336,6.52242708206177,-3.25045680999756,4.46936199115567,1.0174288389986,0.200413229498963,-0.228310955322388,0,0,2000,0,0,2000
1769433219.18338,6.52242708206177,-3.25045680999756,4.46936199115567,0.891350940943244,0.181592825820614,-0.205721802000312,0,0,2000,0,0,2000
1769433219.23333,6.52242708206177,-3.25045680999756,4.46936199115567,0.891350940943244,0.181592825820614,-0.205721802000312,0,0,2000,0,0,2000
1769433219.28331,6.52242708206177,-3.25045680999756,4.46936199115567,0.752013285351014,0.160118256327693,-0.166784655481606,0,0,2000,0,0,2000
1769433219.33341,6.52242708206177,-3.25045680999756,4.46936199115567,0.752013285351014,0.160118256327693,-0.166784655481606,0,0,2000,0,0,2000
1769433219.38336,6.52242708206177,-3.25045680999756,4.46936199115567,0.613314612374004,0.137378558969308,-0.127430416064031,0,0,2000,0,0,2000
1769433219.43337,6.52242708206177,-3.25045680999756,4.46936199115567,0.613314612374004,0.137378558969308,-0.127430416064031,0,0,2000,0,0,2000
1769433219.48334,6.52242708206177,-3.25045680999756,4.46936199115567,0.48530691139336,0.114862862124714,-0.094829884449552,0,0,2000,0,0,2000
1769433219.53323,6.52242708206177,-3.25045680999756,4.46936199115567,0.48530691139336,0.114862862124714,-0.094829884449552,0,0,2000,0,0,2000
1769433219.58331,6.52242708206177,-3.25045680999756,4.46936199115567,0.373925364996844,0.093813776559171,-0.070413583713636,0,0,2000,0,0,2000
1769433219.63332,6.52242708206177,-3.25045680999756,4.46936199115567,0.373925364996844,0.093813776559171,-0.070413583713636,0,0,2000,0,0,2000
1769433219.68323,6.52242708206177,-3.25045680999756,4.46936199115567,0.281582046482304,0.075060355502558,-0.052944897170601,0,0,2000,0,0,2000
1769433219.73329,6.52242708206177,-3.25045680999756,4.46936199115567,0.281582046482304,0.075060355502558,-0.052944897170601,0,0,2000,0,0,2000
1769433219.78345,6.52242708206177,-3.25045680999756,4.46936199115567,0.208084915653653,0.059007122972158,-0.040511137446266,0,0,2000,0,0,2000
1769433219.83342,6.52242708206177,-3.25045680999756,4.46936199115567,0.208084915653653,0.059007122972158,-0.040511137446266,0,0,2000,0,0,2000
1769433219.88336,6.52242708206177,-3.25045680999756,4.46936199115567,0.151684561434815,0.045735750898276,-0.031473916331377,0,0,2000,0,0,2000
1769433219.93348,6.52242708206177,-3.25045680999756,4.46936199115567,0.151684561434815,0.045735750898276,-0.031473916331377,0,0,2000,0,0,2000
1769433219.98329,6.52242708206177,-3.25045680999756,4.46936199115567,0.10966907189711,0.035058195201371,-0.024667047209273,0,0,2000,0,0,2000
1769433220.03342,6.52242708206177,-3.25045680999756,4.46936199115567,0.10966907189711,0.035058195201371,-0.024667047209273,0,0,2000,0,0,2000
1769433220.08329,6.52242708206177,-3.25045680999756,4.46936199115567,0.079177195832899,0.02666802740965,-0.019386137493599,0,0,2000,0,0,2000
1769433220.13347,6.52242708206177,-3.25045680999756,4.46936199115567,0.079177195832899,0.02666802740965,-0.019386137493599,0,0,2000,0,0,2000
1769433220.18338,6.52242708206177,-3.25045680999756,4.46936199115567,0.057536154306345,0.020210950093138,-0.015224644491606,0,0,2000,0,0,2000
1769433220.23337,6.52242708206177,-3.25045680999756,4.46936199115567,0.057536154306345,0.020210950093138,-0.015224644491606,0,0,2000,0,0,2000
1769433220.28336,6.52242708206177,-3.25045680999756,4.46936199115567,0.042407240180558,0.015320015196456,-0.011929939093393,0,0,2000,0,0,2000
1769433220.33328,6.52242708206177,-3.25045680999756,4.46936199115567,0.042407240180558,0.015320015196456,-0.011929939093393,0,0,2000,0,0,2000
1769433220.3833,6.52242708206177,-3.25045680999756,4.46936199115567,0.031867174620409,0.011645287661136,-0.009317677611381,0,0,2000,0,0,2000
1769433220.43328,6.52242708206177,-3.25045680999756,4.46936199115567,0.031867174620409,0.011645287661136,-0.009317677611381,0,0,0,0,0,0
1769433220.4833,6.52242708206177,-3.25045680999756,4.46936199115567,0.024497128248147,0.008905023851991,-0.007264861616232,0,0,0,0,0,0
1769433220.53335,6.52242708206177,-3.25045680999756,4.46936199115567,0.024497128248147,0.008905023851991,-0.007264861616232,0,0,0,0,0,0
1769433220.58322,6.52242708206177,-3.25045680999756,4.46936199115567,0.019246255280695,0.006861182545171,-0.005657946644295,0,0,0,0,0,0
1769433220.63337,6.52242708206177,-3.25045680999756,4.46936199115567,0.019246255280695,0.006861182545171,-0.005657946644295,0,0,0,0,0,0
1769433220.68336,6.52242708206177,-3.25045680999756,4.46936199115567,0.015392252520186,0.005329834260676,-0.004405288239221,0,0,0,0,0,0
1769433220.73329,6.52242708206177,-3.25045680999756,4.46936199115567,0.015392252520186,0.005329834260676,-0.004405288239221,0,0,0,0,0,0
1769433220.7833,6.52242708206177,-3.25045680999756,4.46936199115567,0.01245720113495,0.004172157199126,-0.003430559927687,0,0,0,0,0,0
1769433220.83338,6.52242708206177,-3.25045680999756,4.46936199115567,0.01245720113495,0.004172157199126,-0.003430559927687,0,0,0,0,0,0
1769433220.8833,6.52242708206177,-3.25045680999756,4.46936199115567,0.010139650050616,0.003286903112813,-0.002672784123238,0,0,0,0,0,0
1769433220.9334,6.52242708206177,-3.25045680999756,4.46936199115567,0.010139650050616,0.003286903112813,-0.002672784123238,0,0,0,0,0,0
1769433220.98344,6.52242708206177,-3.25045680999756,4.46936199115567,0.008254411329985,0.002600926615565,-0.00208303954286,0,0,0,0,0,0
1769433221.03334,6.52242708206177,-3.25045680999756,4.46936199115567,0.008254411329985,0.002600926615565,-0.00208303954286,0,0,0,0,0,0
1769433221.08333,6.52242708206177,-3.25045680999756,4.46936199115567,0.006691958196154,0.002062784737421,-0.001623685552674,0,0,0,0,0,0
1769433221.13345,6.52242708206177,-3.25045680999756,4.46936199115567,0.006691958196154,0.002062784737421,-0.001623685552674,0,0,0,0,0,0
1769433221.18334,6.52242708206177,-3.25045680999756,4.46936199115567,0.005388645237761,0.00163682257873,-0.001266142229051,0,0,0,0,0,0
1769433221.23345,6.52242708206177,-3.25045680999756,4.46936199115567,0.005388645237761,0.00163682257873,-0.001266142229051,0,0,0,0,0,0
1769433221.28341,6.52242708206177,-3.25045680999756,4.46936199115567,0.004301964945609,0.001297028240268,-0.000987286165377,0,0,0,0,0,0
1769433221.33339,6.52242708206177,-3.25045680999756,4.46936199115567,0.004301964945609,0.001297028240268,-0.000987286165377,0,0,0,0,0,0
1769433221.38343,6.52242708206177,-3.25045680999756,4.46936199115567,0.003402477039959,0.001024943740851,-0.000769714276497,0,0,0,0,0,0
1769433221.43345,6.52242708206177,-3.25045680999756,4.46936199115567,0.003402477039959,0.001024943740851,-0.000769714276497,0,0,0,0,0,0
1769433221.48349,6.52242708206177,-3.25045680999756,4.46936199115567,0.002667181475409,0.00080724477231,-0.000600211290561,0,0,0,0,0,0
1769433221.53342,6.52242708206177,-3.25045680999756,4.46936199115567,0.002667181475409,0.00080724477231,-0.000600211290561,0,0,0,0,0,0
1769433221.58343,6.52242708206177,-3.25045680999756,4.46936199115567,0.002073248302957,0.000633228985019,-0.000467899962926,0,0,0,0,0,0
1769433221.6335,6.52242708206177,-3.25045680999756,4.46936199115567,0.002073248302957,0.000633228985019,-0.000467899962926,0,0,0,0,0,0
1769433221.68337,6.52242708206177,-3.25045680999756,4.46936199115567,0.001600284019965,0.00049477029774,-0.000364738810089,0,0,0,0,0,0
1769433221.7334,6.52242708206177,-3.25045680999756,4.46936199115567,0.001600284019965,0.00049477029774,-0.000364738810089,0,0,0,0,0,0
1769433221.78332,6.52242708206177,-3.25045680999756,4.46936199115567,0.001229030553658,0.000385311065601,-0.00028442832669,0,0,0,0,0,0
1769433221.8333,6.52242708206177,-3.25045680999756,4.46936199115567,0.001229030553658,0.000385311065601,-0.00028442832669,0,0,0,0,0,0
1769433221.88335,6.52242708206177,-3.25045680999756,4.46936199115567,0.000940289846639,0.000299036092123,-0.000221649805064,0,0,0,0,0,0
1769433221.93337,6.52242708206177,-3.25045680999756,4.46936199115567,0.000940289846639,0.000299036092123,-0.000221649805064,0,0,0,0,0,0
1769433221.98337,6.52242708206177,-3.25045680999756,4.46936199115567,0.000718572203448,0.000231605275941,-0.000172793538805,0,0,0,0,0,0
1769433222.03341,6.52242708206177,-3.25045680999756,4.46936199115567,0.000718572203448,0.000231605275941,-0.000172793538805,0,0,0,0,0,0
