t_sec,x,y,yaw,u,v,r,applied_steer_ui,applied_steer_rad,applied_thrust,bow,target_steer_ui,target_thrust
1769434189.63935,5.44120931625366,4.35174369812012,-2.66562740975923,0.256883975973327,0.041912734445331,-0.011922238392943,0,0,1200,0,0,1200
1769434189.68919,5.42222023010254,4.33694696426392,-2.6685246185663,0.253598607014933,0.041860328229082,-0.012834454652042,0,0,1200,0,0,1200
1769434189.73923,5.42222023010254,4.33694696426392,-2.6685246185663,0.253598607014933,0.041860328229082,-0.012834454652042,0,0,1200,0,0,1200
1769434189.78919,5.40339136123657,4.32306623458862,-2.66886235311856,0.250355190613851,0.041746301909343,-0.012935449438982,0,0,1200,0,0,1200
1769434189.83933,5.40339136123657,4.32306623458862,-2.66886235311856,0.250355190613851,0.041746301909343,-0.012935449438982,0,0,1200,0,0,1200
1769434189.88921,5.38455057144165,4.30854606628418,-2.67073099941221,0.247300461466025,0.04169063726609,-0.013243669588982,0,0,1200,0,0,1200
1769434189.93931,5.38455057144165,4.30854606628418,-2.67073099941221,0.247300461466025,0.04169063726609,-0.013243669588982,0,0,1200,0,0,1200
1769434189.98916,5.36515140533447,4.29346466064453,-2.6716152187325,0.244799248506658,0.041819666486115,-0.013126295068664,0,0,1200,0,0,1200
1769434190.0394,5.36515140533447,4.29346466064453,-2.6716152187325,0.244799248506658,0.041819666486115,-0.013126295068664,0,0,1200,0,0,1200
1769434190.08908,5.3443341255188,4.27718830108643,-2.67305820957971,0.243536500968701,0.042283424962565,-0.013056611615872,0,0,1200,0,0,1200
1769434190.13932,5.3443341255188,4.27718830108643,-2.67305820957971,0.243536500968701,0.042283424962565,-0.013056611615872,0,0,1200,0,0,1200
1769434190.18929,5.32169485092163,4.26075029373169,-2.67223535076074,0.2441064932817,0.042841480782571,-0.011360420829185,0,0,1200,0,0,1200
1769434190.23926,5.32169485092163,4.26075029373169,-2.67223535076074,0.2441064932817,0.042841480782571,-0.011360420829185,0,0,1200,0,0,1200
1769434190.28931,5.29753017425537,4.24300718307495,-2.67016246285905,0.246964613918821,0.043503761588145,-0.0074747128969,0,0,1200,0,0,1200
1769434190.33937,5.29753017425537,4.24300718307495,-2.67016246285905,0.246964613918821,0.043503761588145,-0.0074747128969,0,0,1200,0,0,1200
1769434190.38919,5.27217292785645,4.22412538528442,-2.67006998354609,0.252219372301403,0.044377988917513,-0.004055442333495,0,0,1200,0,0,1200
1769434190.43934,5.27217292785645,4.22412538528442,-2.67006998354609,0.252219372301403,0.044377988917513,-0.004055442333495,1000,0.05235987755983,1200,0,1000,1200
1769434190.48923,5.24614763259888,4.20380830764771,-2.67078186790485,0.2596276483573,0.045745250329603,-0.002453203255335,2000,0.10471975511966,1200,0,2000,1200
1769434190.5392,5.24614763259888,4.20380830764771,-2.67078186790485,0.2596276483573,0.045745250329603,-0.002453203255335,2000,0.10471975511966,1200,0,2000,1200
1769434190.58921,5.21894359588623,4.18297147750855,-2.67011111636474,0.268793215087567,0.047544613228931,-0.001266182095702,3000,0.15707963267949,1200,0,3000,1200
1769434190.63932,5.21894359588623,4.18297147750855,-2.67011111636474,0.268793215087567,0.047544613228931,-0.001266182095702,3000,0.15707963267949,1200,0,3000,1200
1769434190.68922,5.19040775299072,4.16123819351196,-2.66710135001871,0.2793874845362,0.049649458040665,0.001766919375212,4000,0.20943951023932,1200,0,4000,1200
1769434190.73925,5.19040775299072,4.16123819351196,-2.66710135001871,0.2793874845362,0.049649458040665,0.001766919375212,5000,0.261799387799149,1200,0,5000,1200
1769434190.78919,5.16072654724121,4.13837289810181,-2.66426654946758,0.291127465111835,0.05200975707142,0.006041572835958,5000,0.261799387799149,1200,0,5000,1200
1769434190.83917,5.16072654724121,4.13837289810181,-2.66426654946758,0.291127465111835,0.05200975707142,0.006041572835958,6000,0.314159265358979,1200,0,6000,1200
1769434190.88911,5.12909126281738,4.1149172782898,-2.6563626990772,0.30391829431223,0.054309035461434,0.014512854701333,7000,0.366519142918809,1200,0,7000,1200
1769434190.93932,5.12909126281738,4.1149172782898,-2.6563626990772,0.30391829431223,0.054309035461434,0.014512854701333,7000,0.366519142918809,1200,0,7000,1200
1769434190.98912,5.0977897644043,4.09046602249146,-2.64520956921969,0.317149263518681,0.056602342760227,0.027993995717189,8000,0.418879020478639,1200,0,8000,1200
1769434191.03934,5.0977897644043,4.09046602249146,-2.64520956921969,0.317149263518681,0.056602342760227,0.027993995717189,9000,0.471238898038469,1200,0,9000,1200
1769434191.08919,5.06577444076538,4.06519603729248,-2.63028838149086,0.330397150055483,0.058834026297837,0.046448240302321,9000,0.471238898038469,1200,0,9000,1200
1769434191.13923,5.06577444076538,4.06519603729248,-2.63028838149086,0.330397150055483,0.058834026297837,0.046448240302321,9000,0.471238898038469,1200,0,9000,1200
1769434191.1892,5.032470703125,4.03955411911011,-2.60987478023829,0.343507651477996,0.060641056395925,0.07058007809055,9000,0.471238898038469,1200,0,9000,1200
1769434191.23922,5.032470703125,4.03955411911011,-2.60987478023829,0.343507651477996,0.060641056395925,0.07058007809055,9000,0.471238898038469,1200,0,9000,1200
1769434191.28919,4.99852705001831,4.01343727111816,-2.57969292287094,0.356336217145276,0.061662559410465,0.103890243074045,9000,0.471238898038469,1200,0,9000,1200
1769434191.33934,4.99852705001831,4.01343727111816,-2.57969292287094,0.356336217145276,0.061662559410465,0.103890243074045,9000,0.471238898038469,1200,0,9000,1200
1769434191.38919,4.96492719650269,3.98651719093323,-2.54901202126135,0.36856093766963,0.061797969463318,0.14113077099147,9000,0.471238898038469,1200,0,9000,1200
1769434191.43929,4.96492719650269,3.98651719093323,-2.54901202126135,0.36856093766963,0.061797969463318,0.14113077099147,9000,0.471238898038469,1200,0,9000,1200
1769434191.48919,4.93058443069458,3.95874857902527,-2.51530051006964,0.380183080034753,0.060886756227261,0.178751427211519,9000,0.471238898038469,1200,0,9000,1200
1769434191.53932,4.93058443069458,3.95874857902527,-2.51530051006964,0.380183080034753,0.060886756227261,0.178751427211519,9000,0.471238898038469,1200,0,9000,1200
1769434191.58919,4.89742755889893,3.92940187454224,-2.47650591364594,0.390952365074701,0.059248990289962,0.216763317059485,9000,0.471238898038469,1200,0,9000,1200
1769434191.63934,4.89742755889893,3.92940187454224,-2.47650591364594,0.390952365074701,0.059248990289962,0.216763317059485,9000,0.471238898038469,1200,0,9000,1200
1769434191.68919,4.86434650421143,3.89917540550232,-2.43713673935622,0.400806769499101,0.056938327028872,0.252473167623068,9000,0.471238898038469,1200,0,9000,1200
1769434191.7393,4.86434650421143,3.89917540550232,-2.43713673935622,0.400806769499101,0.056938327028872,0.252473167623068,9000,0.471238898038469,1200,0,9000,1200
1769434191.78909,4.83231210708618,3.8679211139679,-2.39781838934386,0.409575455552157,0.054088431262558,0.283347924855263,9000,0.471238898038469,1200,0,9000,1200
1769434191.83929,4.83231210708618,3.8679211139679,-2.39781838934386,0.409575455552157,0.054088431262558,0.283347924855263,9000,0.471238898038469,1200,0,9000,1200
1769434191.8892,4.79995346069336,3.83616280555725,-2.35066215513743,0.417413838889707,0.050428605482113,0.314577743331764,9000,0.471238898038469,1200,0,9000,1200
1769434191.93931,4.79995346069336,3.83616280555725,-2.35066215513743,0.417413838889707,0.050428605482113,0.314577743331764,9000,0.471238898038469,1200,0,9000,1200
1769434191.98919,4.76962089538574,3.80259132385254,-2.31204228067502,0.424206478934925,0.046365050744418,0.338157586710572,9000,0.471238898038469,1200,0,9000,1200
1769434192.0393,4.76962089538574,3.80259132385254,-2.31204228067502,0.424206478934925,0.046365050744418,0.338157586710572,9000,0.471238898038469,1200,0,9000,1200
1769434192.08922,4.73949384689331,3.76832413673401,-2.26787710364158,0.430079240767276,0.041877366236139,0.357860629653379,9000,0.471238898038469,1200,0,9000,1200
1769434192.13925,4.73949384689331,3.76832413673401,-2.26787710364158,0.430079240767276,0.041877366236139,0.357860629653379,9000,0.471238898038469,1200,0,9000,1200
1769434192.18909,4.71071434020996,3.73206186294556,-2.22933457214737,0.435248436360538,0.037350792663574,0.370339360397782,9000,0.471238898038469,1200,0,9000,1200
1769434192.23932,4.71071434020996,3.73206186294556,-2.22933457214737,0.435248436360538,0.037350792663574,0.370339360397782,9000,0.471238898038469,1200,0,9000,1200
1769434192.28909,4.68383455276489,3.69526720046997,-2.19043026861153,0.439534493838237,0.033019947607848,0.377152067968648,9000,0.471238898038469,1200,0,9000,1200
1769434192.33922,4.68383455276489,3.69526720046997,-2.19043026861153,0.439534493838237,0.033019947607848,0.377152067968648,9000,0.471238898038469,1200,0,9000,1200
1769434192.38919,4.65782499313355,3.65775203704834,-2.15433319889718,0.442979392391445,0.028890544655347,0.378399156880236,9000,0.471238898038469,1200,0,9000,1200
1769434192.43916,4.65782499313355,3.65775203704834,-2.15433319889718,0.442979392391445,0.028890544655347,0.378399156880236,9000,0.471238898038469,1200,0,9000,1200
1769434192.48907,4.63312292098999,3.61948776245117,-2.12051743450177,0.445625172262972,0.024991447131486,0.374580917610297,9000,0.471238898038469,1200,0,9000,1200
1769434192.53932,4.63312292098999,3.61948776245117,-2.12051743450177,0.445625172262972,0.024991447131486,0.374580917610297,9000,0.471238898038469,1200,0,9000,1200
1769434192.58917,4.61010694503784,3.58017492294312,-2.08765187325338,0.447537592269066,0.021540818759715,0.367529557373203,9000,0.471238898038469,1200,0,9000,1200
1769434192.63928,4.61010694503784,3.58017492294312,-2.08765187325338,0.447537592269066,0.021540818759715,0.367529557373203,9000,0.471238898038469,1200,0,9000,1200
1769434192.68921,4.588707447052,3.54008150100708,-2.05928230322823,0.448813550324002,0.01874979100999,0.356168317287857,9000,0.471238898038469,1200,0,9000,1200
1769434192.7393,4.588707447052,3.54008150100708,-2.05928230322823,0.448813550324002,0.01874979100999,0.356168317287857,9000,0.471238898038469,1200,0,9000,1200
1769434192.78913,4.56803846359253,3.49949145317078,-2.02780692492188,0.449647974309046,0.016489637586313,0.345338151424766,9000,0.471238898038469,1200,0,9000,1200
1769434192.83932,4.56803846359253,3.49949145317078,-2.02780692492188,0.449647974309046,0.016489637586313,0.345338151424766,9000,0.471238898038469,1200,0,9000,1200
1769434192.88908,4.54847955703735,3.4579005241394,-2.00469690725472,0.450326126048993,0.014738094948091,0.33034283302253,9000,0.471238898038469,1200,0,9000,1200
1769434192.93933,4.54847955703735,3.4579005241394,-2.00469690725472,0.450326126048993,0.014738094948091,0.33034283302253,9000,0.471238898038469,1200,0,9000,1200
1769434192.98921,4.53205871582031,3.41731452941895,-1.96537459930621,0.450219724232148,0.013633780750794,0.32564886292637,9000,0.471238898038469,1200,0,9000,1200
1769434193.03931,4.53205871582031,3.41731452941895,-1.96537459930621,0.450219724232148,0.013633780750794,0.32564886292637,9000,0.471238898038469,1200,0,9000,1200
1769434193.08913,4.51582145690918,3.37470483779907,-1.94034737731139,0.449874691306995,0.013137020419263,0.31962520010786,9000,0.471238898038469,1200,0,9000,1200
1769434193.13932,4.51582145690918,3.37470483779907,-1.94034737731139,0.449874691306995,0.013137020419263,0.31962520010786,9000,0.471238898038469,1200,0,9000,1200
1769434193.1891,4.50021648406982,3.33152675628662,-1.91539922926364,0.449683745743294,0.012974266188618,0.310311406412406,9000,0.471238898038469,1200,0,9000,1200
1769434193.23931,4.50021648406982,3.33152675628662,-1.91539922926364,0.449683745743294,0.012974266188618,0.310311406412406,9000,0.471238898038469,1200,0,9000,1200
1769434193.28919,4.48611497879028,3.28796291351318,-1.89135985968673,0.449752956821251,0.013058168591203,0.29871691084728,9000,0.471238898038469,1200,0,9000,1200
1769434193.33919,4.48611497879028,3.28796291351318,-1.89135985968673,0.449752956821251,0.013058168591203,0.29871691084728,9000,0.471238898038469,1200,0,9000,1200
1769434193.38919,4.47398900985718,3.24425220489502,-1.86851715179897,0.449891544230422,0.01352943145172,0.286010409837306,9000,0.471238898038469,1200,0,9000,1200
1769434193.43926,4.47398900985718,3.24425220489502,-1.86851715179897,0.449891544230422,0.01352943145172,0.286010409837306,9000,0.471238898038469,1200,0,9000,1200
1769434193.48919,4.46205139160156,3.1996705532074,-1.84241131245185,0.450307857246344,0.01416991731042,0.276513582229693,9000,0.471238898038469,1200,0,9000,1200
1769434193.53925,4.46205139160156,3.1996705532074,-1.84241131245185,0.450307857246344,0.01416991731042,0.276513582229693,9000,0.471238898038469,1200,0,9000,1200
1769434193.5892,4.45123100280762,3.15427947044373,-1.82992210268705,0.451163767793202,0.014955755916258,0.259982582994059,9000,0.471238898038469,1200,0,9000,1200
1769434193.63929,4.45123100280762,3.15427947044373,-1.82992210268705,0.451163767793202,0.014955755916258,0.259982582994059,9000,0.471238898038469,1200,0,9000,1200
1769434193.68907,4.44215726852417,3.10944223403931,-1.79588356240409,0.452103344032191,0.015910885890413,0.255102608970907,9000,0.471238898038469,1200,0,9000,1200
1769434193.7393,4.44215726852417,3.10944223403931,-1.79588356240409,0.452103344032191,0.015910885890413,0.255102608970907,9000,0.471238898038469,1200,0,9000,1200
1769434193.7892,4.43383312225342,3.06314778327942,-1.78344938068302,0.453352526552628,0.017062849923627,0.244946838514752,9000,0.471238898038469,1200,0,9000,1200
1769434193.83935,4.43383312225342,3.06314778327942,-1.78344938068302,0.453352526552628,0.017062849923627,0.244946838514752,9000,0.471238898038469,1200,0,9000,1200
1769434193.8892,4.42631912231445,3.01666736602783,-1.7598431802067,0.454914466232985,0.018284533122222,0.237116794530141,9000,0.471238898038469,1200,0,9000,1200
1769434193.93926,4.42631912231445,3.01666736602783,-1.7598431802067,0.454914466232985,0.018284533122222,0.237116794530141,9000,0.471238898038469,1200,0,9000,1200
1769434193.98918,4.42052030563355,2.97003602981567,-1.73351182616473,0.456607482476284,0.019653399195324,0.235248283081693,9000,0.471238898038469,1200,0,9000,1200
1769434194.03929,4.42052030563355,2.97003602981567,-1.73351182616473,0.456607482476284,0.019653399195324,0.235248283081693,9000,0.471238898038469,1200,0,9000,1200
1769434194.08909,4.41602230072022,2.92300963401794,-1.70613801081729,0.45836561302613,0.021184798569946,0.238663643678646,9000,0.471238898038469,1200,0,9000,1200
1769434194.1393,4.41602230072022,2.92300963401794,-1.70613801081729,0.45836561302613,0.021184798569946,0.238663643678646,9000,0.471238898038469,1200,0,9000,1200
1769434194.18908,4.41228485107422,2.8758237361908,-1.68120096419689,0.460152584168404,0.02266481186089,0.242759407927819,9000,0.471238898038469,1200,0,9000,1200
1769434194.23921,4.41228485107422,2.8758237361908,-1.68120096419689,0.460152584168404,0.02266481186089,0.242759407927819,9000,0.471238898038469,1200,0,9000,1200
1769434194.28911,4.41017007827759,2.82825374603271,-1.65083333340694,0.461958862621214,0.024086649090945,0.250047706029886,9000,0.471238898038469,1200,0,9000,1200
1769434194.33932,4.41017007827759,2.82825374603271,-1.65083333340694,0.461958862621214,0.024086649090945,0.250047706029886,9000,0.471238898038469,1200,0,9000,1200
1769434194.38908,4.40936613082886,2.78030753135681,-1.62391847332329,0.463819332428238,0.025424968651026,0.256498767728804,9000,0.471238898038469,1200,0,9000,1200
1769434194.43923,4.40936613082886,2.78030753135681,-1.62391847332329,0.463819332428238,0.025424968651026,0.256498767728804,9000,0.471238898038469,1200,0,9000,1200
1769434194.48909,4.40947914123535,2.73250722885132,-1.59529413063849,0.465655727182381,0.026489766650442,0.262312580164437,9000,0.471238898038469,1200,0,9000,1200
1769434194.53928,4.40947914123535,2.73250722885132,-1.59529413063849,0.465655727182381,0.026489766650442,0.262312580164437,9000,0.471238898038469,1200,0,9000,1200
1769434194.58907,4.41076326370239,2.68435382843018,-1.56795569407559,0.467501565291445,0.027187514717165,0.266346284589757,9000,0.471238898038469,1200,0,9000,1200
1769434194.63923,4.41076326370239,2.68435382843018,-1.56795569407559,0.467501565291445,0.027187514717165,0.266346284589757,9000,0.471238898038469,1200,0,9000,1200
1769434194.68908,4.41423511505127,2.63589453697205,-1.53493023232007,0.469395046862461,0.027784248090923,0.273229016277807,9000,0.471238898038469,1200,0,9000,1200
1769434194.73931,4.41423511505127,2.63589453697205,-1.53493023232007,0.469395046862461,0.027784248090923,0.273229016277807,9000,0.471238898038469,1200,0,9000,1200
1769434194.78918,4.41901540756226,2.58831739425659,-1.51078804780899,0.471030483248413,0.028340953921291,0.275364629801944,9000,0.471238898038469,1200,0,9000,1200
1769434194.83929,4.41901540756226,2.58831739425659,-1.51078804780899,0.471030483248413,0.028340953921291,0.275364629801944,9000,0.471238898038469,1200,0,9000,1200
1769434194.88908,4.42382526397705,2.53983783721924,-1.47914487034976,0.472667703331823,0.028468264211682,0.278640637817711,9000,0.471238898038469,1200,0,9000,1200
1769434194.93931,4.42382526397705,2.53983783721924,-1.47914487034976,0.472667703331823,0.028468264211682,0.278640637817711,9000,0.471238898038469,1200,0,9000,1200
1769434194.98909,4.43139219284058,2.49185347557068,-1.4482992471847,0.474217772173256,0.028498470432201,0.28313259930785,9000,0.471238898038469,1200,0,9000,1200
1769434195.03931,4.43139219284058,2.49185347557068,-1.4482992471847,0.474217772173256,0.028498470432201,0.28313259930785,9000,0.471238898038469,1200,0,9000,1200
1769434195.08908,4.44024276733398,2.4437427520752,-1.41981238173785,0.475735648163611,0.028542888996629,0.286135682583028,9000,0.471238898038469,1200,0,9000,1200
1769434195.13927,4.44024276733398,2.4437427520752,-1.41981238173785,0.475735648163611,0.028542888996629,0.286135682583028,9000,0.471238898038469,1200,0,9000,1200
1769434195.18919,4.44912004470825,2.39597153663635,-1.39323786099863,0.477176838740069,0.028206649928243,0.285887450487147,9000,0.471238898038469,1200,0,9000,1200
1769434195.23921,4.44912004470825,2.39597153663635,-1.39323786099863,0.477176838740069,0.028206649928243,0.285887450487147,9000,0.471238898038469,1200,0,9000,1200
1769434195.28908,4.46053981781006,2.34810447692871,-1.37043147460176,0.47860937108755,0.027826967244689,0.280411559990004,9000,0.471238898038469,1200,0,9000,1200
1769434195.33928,4.46053981781006,2.34810447692871,-1.37043147460176,0.47860937108755,0.027826967244689,0.280411559990004,9000,0.471238898038469,1200,0,9000,1200
1769434195.3891,4.47331809997559,2.3009135723114,-1.34413969524087,0.479915554971879,0.027610286461881,0.274623507460401,9000,0.471238898038469,1200,0,9000,1200
1769434195.4393,4.47331809997559,2.3009135723114,-1.34413969524087,0.479915554971879,0.027610286461881,0.274623507460401,9000,0.471238898038469,1200,0,9000,1200
1769434195.48911,4.48757886886597,2.25425314903259,-1.32012365465127,0.480986280880156,0.027719179622721,0.268531229162442,9000,0.471238898038469,1200,0,9000,1200
1769434195.5393,4.48757886886597,2.25425314903259,-1.32012365465127,0.480986280880156,0.027719179622721,0.268531229162442,9000,0.471238898038469,1200,0,9000,1200
1769434195.58912,4.50238084793091,2.20769882202148,-1.29408859008179,0.481866610320547,0.027939543319289,0.264332143902209,9000,0.471238898038469,1200,0,9000,1200
1769434195.63937,4.50238084793091,2.20769882202148,-1.29408859008179,0.481866610320547,0.027939543319289,0.264332143902209,9000,0.471238898038469,1200,0,9000,1200
1769434195.68926,4.51861190795898,2.16148543357849,-1.26946377723344,0.482615578818693,0.028234728101397,0.260981438415204,9000,0.471238898038469,1200,0,9000,1200
1769434195.73936,4.51861190795898,2.16148543357849,-1.26946377723344,0.482615578818693,0.028234728101397,0.260981438415204,9000,0.471238898038469,1200,0,9000,1200
1769434195.78917,4.53641843795776,2.11541056632996,-1.24241627629582,0.483376039759798,0.028669151376452,0.260015165068538,9000,0.471238898038469,1200,0,9000,1200
1769434195.83935,4.53641843795776,2.11541056632996,-1.24241627629582,0.483376039759798,0.028669151376452,0.260015165068538,9000,0.471238898038469,1200,0,9000,1200
1769434195.88921,4.55552387237549,2.06989622116089,-1.21645987313109,0.48418438643758,0.029258912836567,0.260037095489521,9000,0.471238898038469,1200,0,9000,1200
1769434195.93936,4.55552387237549,2.06989622116089,-1.21645987313109,0.48418438643758,0.029258912836567,0.260037095489521,9000,0.471238898038469,1200,0,9000,1200
1769434195.98913,4.57587480545044,2.02448725700378,-1.19066222328224,0.485136268240689,0.02994634206572,0.260127227278298,9000,0.471238898038469,1200,0,9000,1200
1769434196.03931,4.57587480545044,2.02448725700378,-1.19066222328224,0.485136268240689,0.02994634206572,0.260127227278298,9000,0.471238898038469,1200,0,9000,1200
1769434196.08926,4.59729862213135,1.97972226142883,-1.16208892102226,0.486174885140597,0.030616575510462,0.262199203399311,9000,0.471238898038469,1200,0,9000,1200
1769434196.1393,4.59729862213135,1.97972226142883,-1.16208892102226,0.486174885140597,0.030616575510462,0.262199203399311,9000,0.471238898038469,1200,0,9000,1200
1769434196.18919,4.61975717544556,1.93530905246735,-1.13134546780971,0.487282796439234,0.031103093026163,0.267411319769876,9000,0.471238898038469,1200,0,9000,1200
1769434196.2393,4.61975717544556,1.93530905246735,-1.13134546780971,0.487282796439234,0.031103093026163,0.267411319769876,9000,0.471238898038469,1200,0,9000,1200
1769434196.28908,4.64387178421021,1.89151680469513,-1.10246952201425,0.488461330899206,0.031466008618344,0.272849147208806,9000,0.471238898038469,1200,0,9000,1200
1769434196.33926,4.64387178421021,1.89151680469513,-1.10246952201425,0.488461330899206,0.031466008618344,0.272849147208806,9000,0.471238898038469,1200,0,9000,1200
1769434196.38919,4.66981792449951,1.84829521179199,-1.07597339937088,0.489751386608643,0.031908096966898,0.275398724702789,9000,0.471238898038469,1200,0,9000,1200
1769434196.4392,4.66981792449951,1.84829521179199,-1.07597339937088,0.489751386608643,0.031908096966898,0.275398724702789,9000,0.471238898038469,1200,0,9000,1200
1769434196.48907,4.69623041152954,1.80582416057587,-1.04776156198233,0.491019554112137,0.032251738228939,0.276663595265146,8000,0.418879020478639,1200,0,8000,1200
1769434196.5393,4.69623041152954,1.80582416057587,-1.04776156198233,0.491019554112137,0.032251738228939,0.276663595265146,6000,0.314159265358979,1200,0,6000,1200
1769434196.58911,4.72392082214356,1.76388549804688,-1.01991760566912,0.492259383587129,0.032434972916949,0.277216713419206,5000,0.261799387799149,1200,0,5000,1200
1769434196.63925,4.72392082214356,1.76388549804688,-1.01991760566912,0.492259383587129,0.032434972916949,0.277216713419206,4000,0.20943951023932,1200,0,4000,1200
1769434196.68921,4.7528600692749,1.72245526313782,-0.990800126138218,0.493515969473524,0.032440018579021,0.278443828294428,3000,0.15707963267949,1200,0,3000,1200
1769434196.73928,4.7528600692749,1.72245526313782,-0.990800126138218,0.493515969473524,0.032440018579021,0.278443828294428,2000,0.10471975511966,1200,0,2000,1200
1769434196.78921,4.78240585327148,1.68201768398285,-0.961161440314406,0.494631596810187,0.032142340679841,0.280701089841493,1000,0.05235987755983,1200,0,1000,1200
1769434196.83932,4.78240585327148,1.68201768398285,-0.961161440314406,0.494631596810187,0.032142340679841,0.280701089841493,0,0,1200,0,0,1200
1769434196.8892,4.81430625915527,1.64225208759308,-0.937291845396096,0.495767680787076,0.031905612869165,0.278950639615,0,0,1200,0,0,1200
1769434196.93931,4.81430625915527,1.64225208759308,-0.937291845396096,0.495767680787076,0.031905612869165,0.278950639615,0,0,1200,0,0,1200
1769434196.98921,4.84585905075073,1.60299527645111,-0.914626169086438,0.496846888178287,0.031443721537394,0.272870729960942,0,0,1200,0,0,1200
1769434197.0393,4.84585905075073,1.60299527645111,-0.914626169086438,0.496846888178287,0.031443721537394,0.272870729960942,-1000,-0.05235987755983,1200,0,-1000,1200
1769434197.08922,4.88006067276001,1.56509375572205,-0.897153537534822,0.497913792107422,0.031304095054563,0.260624770284456,-2000,-0.10471975511966,1200,0,-2000,1200
1769434197.1393,4.88006067276001,1.56509375572205,-0.897153537534822,0.497913792107422,0.031304095054563,0.260624770284456,-2000,-0.10471975511966,1200,0,-2000,1200
1769434197.18909,4.91512632369995,1.52858436107636,-0.89197843380642,0.498813110235042,0.03187202884173,0.235748685236012,-3000,-0.15707963267949,1200,0,-3000,1200
1769434197.23932,4.91512632369995,1.52858436107636,-0.89197843380642,0.498813110235042,0.03187202884173,0.235748685236012,-4000,-0.20943951023932,1200,0,-4000,1200
1769434197.28909,4.95057821273804,1.49214553833008,-0.885721810973589,0.499603480924059,0.033097242088218,0.204822504246152,-4000,-0.20943951023932,1200,0,-4000,1200
1769434197.33918,4.95057821273804,1.49214553833008,-0.885721810973589,0.499603480924059,0.033097242088218,0.204822504246152,-5000,-0.261799387799149,1200,0,-5000,1200
1769434197.38915,4.9869532585144,1.45639932155609,-0.888937315424101,0.500333422936702,0.035082257165063,0.167067152194668,-6000,-0.314159265358979,1200,0,-6000,1200
1769434197.43923,4.9869532585144,1.45639932155609,-0.888937315424101,0.500333422936702,0.035082257165063,0.167067152194668,-6000,-0.314159265358979,1200,0,-6000,1200
1769434197.48909,5.02404356002808,1.42036652565002,-0.897488364344166,0.501252457316306,0.037810109466115,0.123992517881518,-7000,-0.366519142918809,1200,0,-7000,1200
1769434197.5392,5.02404356002808,1.42036652565002,-0.897488364344166,0.501252457316306,0.037810109466115,0.123992517881518,-8000,-0.418879020478639,1200,0,-8000,1200
1769434197.58909,5.06164789199829,1.38429343700409,-0.910593341654875,0.502513967143559,0.041269813776124,0.078061842435161,-8000,-0.418879020478639,1200,0,-8000,1200
1769434197.63917,5.06164789199829,1.38429343700409,-0.910593341654875,0.502513967143559,0.041269813776124,0.078061842435161,-9000,-0.471238898038469,1200,0,-9000,1200
1769434197.6891,5.09956312179565,1.34856915473938,-0.933561563001827,0.504035030286096,0.045569725019257,0.026990951056987,-9000,-0.471238898038469,1200,0,-9000,1200
1769434197.73924,5.09956312179565,1.34856915473938,-0.933561563001827,0.504035030286096,0.045569725019257,0.026990951056987,-9000,-0.471238898038469,1200,0,-9000,1200
1769434197.78909,5.13763570785522,1.3130955696106,-0.958206167885929,0.505597558199873,0.050858864343679,-0.024948083831381,-9000,-0.471238898038469,1200,0,-9000,1200
1769434197.83924,5.13763570785522,1.3130955696106,-0.958206167885929,0.505597558199873,0.050858864343679,-0.024948083831381,-9000,-0.471238898038469,1200,0,-9000,1200
1769434197.88914,5.17622518539429,1.27706980705261,-0.993928916200529,0.507221317009455,0.057289030753004,-0.080920986336568,-9000,-0.471238898038469,1200,0,-9000,1200
1769434197.93926,5.17622518539429,1.27706980705261,-0.993928916200529,0.507221317009455,0.057289030753004,-0.080920986336568,-9000,-0.471238898038469,1200,0,-9000,1200
1769434197.98913,5.2136492729187,1.24022352695465,-1.02746037393551,0.508737534174796,0.064535095989218,-0.133869292280033,-9000,-0.471238898038469,1200,0,-9000,1200
1769434198.03926,5.2136492729187,1.24022352695465,-1.02746037393551,0.508737534174796,0.064535095989218,-0.133869292280033,-9000,-0.471238898038469,1200,0,-9000,1200
1769434198.08918,5.25197553634644,1.20284521579742,-1.06884454339916,0.510263257399137,0.072784843781748,-0.185324932665939,-9000,-0.471238898038469,1200,0,-9000,1200
1769434198.13927,5.25197553634644,1.20284521579742,-1.06884454339916,0.510263257399137,0.072784843781748,-0.185324932665939,-9000,-0.471238898038469,1200,0,-9000,1200
1769434198.1891,5.28864336013794,1.16470372676849,-1.10991687523778,0.511515760601004,0.081732231389493,-0.232095113303491,-9000,-0.471238898038469,1200,0,-9000,1200
1769434198.23926,5.28864336013794,1.16470372676849,-1.10991687523778,0.511515760601004,0.081732231389493,-0.232095113303491,-9000,-0.471238898038469,1200,0,-9000,1200
1769434198.28906,5.3234167098999,1.12632930278778,-1.15617255393453,0.511971947801599,0.09096356133802,-0.27572041132443,-9000,-0.471238898038469,1200,0,-9000,1200
1769434198.33937,5.3234167098999,1.12632930278778,-1.15617255393453,0.511971947801599,0.09096356133802,-0.27572041132443,-9000,-0.471238898038469,1200,0,-9000,1200
1769434198.38909,5.35875463485718,1.08586204051971,-1.1923426286852,0.512081525643145,0.10041356679128,-0.306643215966573,-9000,-0.471238898038469,1200,0,-9000,1200
1769434198.43925,5.35875463485718,1.08586204051971,-1.1923426286852,0.512081525643145,0.10041356679128,-0.306643215966573,-9000,-0.471238898038469,1200,0,-9000,1200
1769434198.48912,5.39217185974121,1.04489350318909,-1.23258079343716,0.511765896367573,0.109779594373358,-0.328714179257314,-9000,-0.471238898038469,1200,0,-9000,1200
1769434198.53921,5.39217185974121,1.04489350318909,-1.23258079343716,0.511765896367573,0.109779594373358,-0.328714179257314,-9000,-0.471238898038469,1200,0,-9000,1200
1769434198.5892,5.42339324951172,1.00312292575836,-1.27917061475456,0.510803941443563,0.118617438935418,-0.349912028833799,-9000,-0.471238898038469,1200,0,-9000,1200
1769434198.63932,5.42339324951172,1.00312292575836,-1.27917061475456,0.510803941443563,0.118617438935418,-0.349912028833799,-9000,-0.471238898038469,1200,0,-9000,1200
1769434198.68908,5.45013523101807,0.960914254188538,-1.33408387486951,0.508601746674058,0.125984610281687,-0.377429573169661,-9000,-0.471238898038469,1200,0,-9000,1200
1769434198.73943,5.45013523101807,0.960914254188538,-1.33408387486951,0.508601746674058,0.125984610281687,-0.377429573169661,-9000,-0.471238898038469,1200,0,-9000,1200
1769434198.78919,5.47837400436401,0.917327582836151,-1.37988363416976,0.505763266299443,0.132550346704772,-0.401061206840327,-9000,-0.471238898038469,1200,0,-9000,1200
1769434198.83928,5.47837400436401,0.917327582836151,-1.37988363416976,0.505763266299443,0.132550346704772,-0.401061206840327,-9000,-0.471238898038469,1200,0,-9000,1200
1769434198.88924,5.50602149963379,0.871699869632721,-1.40063318827888,0.503124119787624,0.13875055615253,-0.398457135161298,-9000,-0.471238898038469,1200,0,-9000,1200
1769434198.93934,5.50602149963379,0.871699869632721,-1.40063318827888,0.503124119787624,0.13875055615253,-0.398457135161298,-9000,-0.471238898038469,1200,0,-9000,1200
1769434198.98914,5.52981376647949,0.82591038942337,-1.43725452004806,0.500552711266853,0.144077996340412,-0.387952741852378,-9000,-0.471238898038469,1200,0,-9000,1200
1769434199.03931,5.52981376647949,0.82591038942337,-1.43725452004806,0.500552711266853,0.144077996340412,-0.387952741852378,-9000,-0.471238898038469,1200,0,-9000,1200
1769434199.08931,5.55227613449097,0.779061079025269,-1.45882310166719,0.498201198119062,0.148303104833739,-0.366472489960617,-9000,-0.471238898038469,1200,0,-9000,1200
1769434199.13945,5.55227613449097,0.779061079025269,-1.45882310166719,0.498201198119062,0.148303104833739,-0.366472489960617,-9000,-0.471238898038469,1200,0,-9000,1200
1769434199.18913,5.57669687271118,0.73169618844986,-1.48419231028061,0.496479005281425,0.152435361084617,-0.342711279022779,-9000,-0.471238898038469,1200,0,-9000,1200
1769434199.2393,5.57669687271118,0.73169618844986,-1.48419231028061,0.496479005281425,0.152435361084617,-0.342711279022779,-9000,-0.471238898038469,1200,0,-9000,1200
1769434199.28914,5.59593772888184,0.684161961078644,-1.51490828278328,0.494972747230531,0.155619855598259,-0.325751929840725,-9000,-0.471238898038469,1200,0,-9000,1200
1769434199.33939,5.59593772888184,0.684161961078644,-1.51490828278328,0.494972747230531,0.155619855598259,-0.325751929840725,-9000,-0.471238898038469,1200,0,-9000,1200
1769434199.38918,5.61375856399536,0.636292457580566,-1.54138270570923,0.493478821704862,0.157557504819439,-0.312932925528804,-9000,-0.471238898038469,1200,0,-9000,1200
1769434199.43926,5.61375856399536,0.636292457580566,-1.54138270570923,0.493478821704862,0.157557504819439,-0.312932925528804,-9000,-0.471238898038469,1200,0,-9000,1200
1769434199.48922,5.63764476776123,0.586090087890625,-1.54478353655204,0.493009969046476,0.160409656872391,-0.284726786294673,-9000,-0.471238898038469,1200,0,-9000,1200
1769434199.53929,5.63764476776123,0.586090087890625,-1.54478353655204,0.493009969046476,0.160409656872391,-0.284726786294673,-9000,-0.471238898038469,1200,0,-9000,1200
1769434199.58917,5.65155363082886,0.536697804927826,-1.56547457836644,0.492932674303803,0.161996698609962,-0.258769915975096,-9000,-0.471238898038469,1200,0,-9000,1200
1769434199.63922,5.65155363082886,0.536697804927826,-1.56547457836644,0.492932674303803,0.161996698609962,-0.258769915975096,-9000,-0.471238898038469,1200,0,-9000,1200
1769434199.68919,5.66484212875366,0.488002598285675,-1.59939220658505,0.492649441518582,0.161825473867229,-0.250737604490867,-9000,-0.471238898038469,1200,0,-9000,1200
1769434199.73928,5.66484212875366,0.488002598285675,-1.59939220658505,0.492649441518582,0.161825473867229,-0.250737604490867,-9000,-0.471238898038469,1200,0,-9000,1200
1769434199.78919,5.6796612739563,0.438314259052277,-1.62016564662014,0.492302312547264,0.160897879685942,-0.247185399185241,-9000,-0.471238898038469,1200,0,-9000,1200
1769434199.83931,5.6796612739563,0.438314259052277,-1.62016564662014,0.492302312547264,0.160897879685942,-0.247185399185241,-9000,-0.471238898038469,1200,0,-9000,1200
1769434199.88912,5.69175863265991,0.387666463851929,-1.6409081891695,0.492151830471471,0.159302734707583,-0.243148708074754,-9000,-0.471238898038469,1200,0,-9000,1200
1769434199.93932,5.69175863265991,0.387666463851929,-1.6409081891695,0.492151830471471,0.159302734707583,-0.243148708074754,-9000,-0.471238898038469,1200,0,-9000,1200
1769434199.98918,5.70567178726196,0.336525648832321,-1.6450977496805,0.492435612960397,0.158121765901279,-0.22497706025265,-9000,-0.471238898038469,1200,0,-9000,1200
1769434200.03934,5.70567178726196,0.336525648832321,-1.6450977496805,0.492435612960397,0.158121765901279,-0.22497706025265,-9000,-0.471238898038469,1200,0,-9000,1200
1769434200.0892,5.71680927276611,0.284411460161209,-1.65937725942601,0.493340751377826,0.157079644742898,-0.204609839390045,-9000,-0.471238898038469,1200,0,-9000,1200
1769434200.1393,5.71680927276611,0.284411460161209,-1.65937725942601,0.493340751377826,0.157079644742898,-0.204609839390045,-9000,-0.471238898038469,1200,0,-9000,1200
1769434200.18918,5.72725868225098,0.232492655515671,-1.68134959958852,0.494696879144588,0.156139294288547,-0.193628744646502,-9000,-0.471238898038469,1200,0,-9000,1200
1769434200.23932,5.72725868225098,0.232492655515671,-1.68134959958852,0.494696879144588,0.156139294288547,-0.193628744646502,-9000,-0.471238898038469,1200,0,-9000,1200
1769434200.28919,5.7348427772522,0.179748386144638,-1.69891488897349,0.496526931600076,0.15466809824799,-0.188254412949501,-9000,-0.471238898038469,1200,0,-9000,1200
1769434200.33924,5.7348427772522,0.179748386144638,-1.69891488897349,0.496526931600076,0.15466809824799,-0.188254412949501,-9000,-0.471238898038469,1200,0,-9000,1200
1769434200.38916,5.7414698600769,0.127870261669159,-1.73168211133606,0.498347285531129,0.152635948083953,-0.197483789027964,-9000,-0.471238898038469,1200,0,-9000,1200
1769434200.43929,5.7414698600769,0.127870261669159,-1.73168211133606,0.498347285531129,0.152635948083953,-0.197483789027964,-9000,-0.471238898038469,1200,0,-9000,1200
1769434200.4892,5.75137567520142,0.074243567883968,-1.74648472894005,0.50033638549278,0.151657821276683,-0.202474349004204,-9000,-0.471238898038469,1200,0,-9000,1200
1769434200.53922,5.75137567520142,0.074243567883968,-1.74648472894005,0.50033638549278,0.151657821276683,-0.202474349004204,-9000,-0.471238898038469,1200,0,-9000,1200
1769434200.5892,5.75513792037964,0.021002613008022,-1.77284871414488,0.50238278306577,0.15063109727992,-0.209081167208264,-9000,-0.471238898038469,1200,0,-9000,1200
1769434200.63923,5.75513792037964,0.021002613008022,-1.77284871414488,0.50238278306577,0.15063109727992,-0.209081167208264,-9000,-0.471238898038469,1200,0,-9000,1200
1769434200.68919,5.75601577758789,-0.030666496604681,-1.8135535046544,0.503873335488079,0.148674507171606,-0.228774299015833,-9000,-0.471238898038469,1200,0,-9000,1200
1769434200.7393,5.75601577758789,-0.030666496604681,-1.8135535046544,0.503873335488079,0.148674507171606,-0.228774299015833,-9000,-0.471238898038469,1200,0,-9000,1200
1769434200.78925,5.75720310211182,-0.083683133125305,-1.83709549118509,0.505017624701549,0.146321642119702,-0.243789904737201,-9000,-0.471238898038469,1200,0,-9000,1200
1769434200.8393,5.75720310211182,-0.083683133125305,-1.83709549118509,0.505017624701549,0.146321642119702,-0.243789904737201,-9000,-0.471238898038469,1200,0,-9000,1200
1769434200.88918,5.75641584396362,-0.136755377054214,-1.86490620748576,0.505963855790964,0.143804383294842,-0.253928205405312,-9000,-0.471238898038469,1200,0,-9000,1200
1769434200.93921,5.75641584396362,-0.136755377054214,-1.86490620748576,0.505963855790964,0.143804383294842,-0.253928205405312,-9000,-0.471238898038469,1200,0,-9000,1200
1769434200.98913,5.76109790802002,-0.191719770431519,-1.87923608535882,0.507021527862003,0.143566700043224,-0.249843007911955,-9000,-0.471238898038469,1200,0,-9000,1200
1769434201.03931,5.76109790802002,-0.191719770431519,-1.87923608535882,0.507021527862003,0.143566700043224,-0.249843007911955,-9000,-0.471238898038469,1200,0,-9000,1200
1769434201.0892,5.7547755241394,-0.243674665689468,-1.91904504662229,0.507804473923999,0.142964681014138,-0.255617327786906,-9000,-0.471238898038469,1200,0,-9000,1200
1769434201.1392,5.7547755241394,-0.243674665689468,-1.91904504662229,0.507804473923999,0.142964681014138,-0.255617327786906,-9000,-0.471238898038469,1200,0,-9000,1200
1769434201.18908,5.75287675857544,-0.297688812017441,-1.94118928804326,0.508535170397711,0.142981959389994,-0.258666372719286,-9000,-0.471238898038469,1200,0,-9000,1200
1769434201.23932,5.75287675857544,-0.297688812017441,-1.94118928804326,0.508535170397711,0.142981959389994,-0.258666372719286,-9000,-0.471238898038469,1200,0,-9000,1200
1769434201.28923,5.75044536590576,-0.351397484540939,-1.96023168414131,0.509127440022344,0.144108211607729,-0.254382024280352,-9000,-0.471238898038469,1200,0,-9000,1200
1769434201.33946,5.75044536590576,-0.351397484540939,-1.96023168414131,0.509127440022344,0.144108211607729,-0.254382024280352,-9000,-0.471238898038469,1200,0,-9000,1200
1769434201.38923,5.74524021148682,-0.40522101521492,-1.97825767581616,0.509736036182095,0.145777127056803,-0.24431842016213,-9000,-0.471238898038469,1200,0,-9000,1200
1769434201.43923,5.74524021148682,-0.40522101521492,-1.97825767581616,0.509736036182095,0.145777127056803,-0.24431842016213,-9000,-0.471238898038469,1200,0,-9000,1200
1769434201.48922,5.73909044265747,-0.458847165107727,-1.99823148613167,0.510373068471545,0.147622339285532,-0.233647836644183,-9000,-0.471238898038469,1200,0,-9000,1200
1769434201.53936,5.73909044265747,-0.458847165107727,-1.99823148613167,0.510373068471545,0.147622339285532,-0.233647836644183,-9000,-0.471238898038469,1200,0,-9000,1200
1769434201.58927,5.73324060440064,-0.51259970664978,-2.01593576124941,0.510959689868049,0.149820485739369,-0.222951771789677,-9000,-0.471238898038469,1200,0,-9000,1200
1769434201.63945,5.73324060440064,-0.51259970664978,-2.01593576124941,0.510959689868049,0.149820485739369,-0.222951771789677,-9000,-0.471238898038469,1200,0,-9000,1200
1769434201.68923,5.72366428375244,-0.565409302711487,-2.0490230595407,0.511474416125938,0.151467714247255,-0.225285799454841,-9000,-0.471238898038469,1200,0,-9000,1200
1769434201.73929,5.72366428375244,-0.565409302711487,-2.0490230595407,0.511474416125938,0.151467714247255,-0.225285799454841,-9000,-0.471238898038469,1200,0,-9000,1200
1769434201.78928,5.71219110488892,-0.61814820766449,-2.07976527902207,0.512028671837332,0.152146032464486,-0.236265737958287,-9000,-0.471238898038469,1200,0,-9000,1200
1769434201.8394,5.71219110488892,-0.61814820766449,-2.07976527902207,0.512028671837332,0.152146032464486,-0.236265737958287,-9000,-0.471238898038469,1200,0,-9000,1200
1769434201.88916,5.70066928863525,-0.671208620071411,-2.09240645071436,0.51269674668,0.152297596307572,-0.236067754518694,-9000,-0.471238898038469,1200,0,-9000,1200
1769434201.93929,5.70066928863525,-0.671208620071411,-2.09240645071436,0.51269674668,0.152297596307572,-0.236067754518694,-9000,-0.471238898038469,1200,0,-9000,1200
1769434201.98914,5.68910264968872,-0.724156856536865,-2.12121323449241,0.513364902773149,0.152605383463,-0.237287283979818,-9000,-0.471238898038469,1200,0,-9000,1200
1769434202.03923,5.68910264968872,-0.724156856536865,-2.12121323449241,0.513364902773149,0.152605383463,-0.237287283979818,-9000,-0.471238898038469,1200,0,-9000,1200
1769434202.08912,5.67523193359375,-0.777131736278534,-2.13937548522441,0.514169627466761,0.153016457574041,-0.233960362861063,-9000,-0.471238898038469,1200,0,-9000,1200
1769434202.1392,5.67523193359375,-0.777131736278534,-2.13937548522441,0.514169627466761,0.153016457574041,-0.233960362861063,-9000,-0.471238898038469,1200,0,-9000,1200
1769434202.18908,5.65984153747559,-0.829029500484467,-2.16365736621305,0.514962792198223,0.153283292384431,-0.231645821962599,-9000,-0.471238898038469,1200,0,-9000,1200
1769434202.23922,5.65984153747559,-0.829029500484467,-2.16365736621305,0.514962792198223,0.153283292384431,-0.231645821962599,-9000,-0.471238898038469,1200,0,-9000,1200
1769434202.28915,5.64277982711792,-0.880542457103729,-2.19572615243381,0.515700993244585,0.153229281070652,-0.237539346483916,-9000,-0.471238898038469,1200,0,-9000,1200
1769434202.3392,5.64277982711792,-0.880542457103729,-2.19572615243381,0.515700993244585,0.153229281070652,-0.237539346483916,-9000,-0.471238898038469,1200,0,-9000,1200
1769434202.38913,5.6236515045166,-0.931765735149384,-2.23542135810433,0.516489016645652,0.152771924573101,-0.255415161142501,-9000,-0.471238898038469,1200,0,-9000,1200
1769434202.43928,5.6236515045166,-0.931765735149384,-2.23542135810433,0.516489016645652,0.152771924573101,-0.255415161142501,-9000,-0.471238898038469,1200,0,-9000,1200
1769434202.48913,5.60656213760376,-0.982741415500641,-2.24085980536058,0.516891685532207,0.152928762701207,-0.252830673737455,-9000,-0.471238898038469,1200,0,-9000,1200
1769434202.53924,5.60656213760376,-0.982741415500641,-2.24085980536058,0.516891685532207,0.152928762701207,-0.252830673737455,-9000,-0.471238898038469,1200,0,-9000,1200
1769434202.58925,5.58668947219849,-1.03368639945984,-2.26914309766538,0.517162301981849,0.153599387753541,-0.24868304528142,-9000,-0.471238898038469,1200,0,-9000,1200
1769434202.63924,5.58668947219849,-1.03368639945984,-2.26914309766538,0.517162301981849,0.153599387753541,-0.24868304528142,-9000,-0.471238898038469,1200,0,-9000,1200
1769434202.68913,5.56537628173828,-1.08394932746887,-2.28857399436934,0.517399851646698,0.154484176258407,-0.241658013638151,-9000,-0.471238898038469,1200,0,-9000,1200
1769434202.73924,5.56537628173828,-1.08394932746887,-2.28857399436934,0.517399851646698,0.154484176258407,-0.241658013638151,-9000,-0.471238898038469,1200,0,-9000,1200
1769434202.78918,5.54443550109863,-1.13366460800171,-2.30908396601628,0.517362799473226,0.155743936555971,-0.234059688338839,-9000,-0.471238898038469,1200,0,-9000,1200
1769434202.83932,5.54443550109863,-1.13366460800171,-2.30908396601628,0.517362799473226,0.155743936555971,-0.234059688338839,-9000,-0.471238898038469,1200,0,-9000,1200
1769434202.88913,5.51846694946289,-1.18239092826843,-2.3384766348331,0.517617385395781,0.156228926563241,-0.234268194309733,-9000,-0.471238898038469,1200,0,-9000,1200
1769434202.93933,5.51846694946289,-1.18239092826843,-2.3384766348331,0.517617385395781,0.156228926563241,-0.234268194309733,-9000,-0.471238898038469,1200,0,-9000,1200
1769434202.98926,5.49328708648682,-1.23089778423309,-2.36997817055,0.518068359770968,0.156265251521478,-0.242644790933186,-9000,-0.471238898038469,1200,0,-9000,1200
1769434203.03934,5.49328708648682,-1.23089778423309,-2.36997817055,0.518068359770968,0.156265251521478,-0.242644790933186,-9000,-0.471238898038469,1200,0,-9000,1200
1769434203.08928,5.46860504150391,-1.27943634986877,-2.38644243566868,0.518425261337374,0.156627691461043,-0.243325931875842,-9000,-0.471238898038469,1200,0,-9000,1200
1769434203.13921,5.46860504150391,-1.27943634986877,-2.38644243566868,0.518425261337374,0.156627691461043,-0.243325931875842,-9000,-0.471238898038469,1200,0,-9000,1200
1769434203.18912,5.44206142425537,-1.32740104198456,-2.41064508697977,0.51871907969931,0.157377203808787,-0.241710901617022,-9000,-0.471238898038469,1200,0,-9000,1200
1769434203.24142,5.44206142425537,-1.32740104198456,-2.41064508697977,0.51871907969931,0.157377203808787,-0.241710901617022,-9000,-0.471238898038469,1200,0,-9000,1200
1769434203.28921,5.41227197647095,-1.37413966655731,-2.43284891393278,0.51929713522175,0.157794496250358,-0.23870148882513,-9000,-0.471238898038469,1200,0,-9000,1200
1769434203.33934,5.41227197647095,-1.37413966655731,-2.43284891393278,0.51929713522175,0.157794496250358,-0.23870148882513,-9000,-0.471238898038469,1200,0,-9000,1200
1769434203.3892,5.38279390335083,-1.4204432964325,-2.46001336301106,0.519974745628254,0.158047460191813,-0.239210249318251,-9000,-0.471238898038469,1200,0,-9000,1200
1769434203.4393,5.38279390335083,-1.4204432964325,-2.46001336301106,0.519974745628254,0.158047460191813,-0.239210249318251,-9000,-0.471238898038469,1200,0,-9000,1200
1769434203.48922,5.35211277008057,-1.46623289585114,-2.48216952683606,0.52069861642648,0.158254433563465,-0.238978969237912,-9000,-0.471238898038469,1200,0,-9000,1200
1769434203.53928,5.35211277008057,-1.46623289585114,-2.48216952683606,0.52069861642648,0.158254433563465,-0.238978969237912,-9000,-0.471238898038469,1200,0,-9000,1200
1769434203.58931,5.3207278251648,-1.51107525825501,-2.49800602479018,0.521295813880933,0.158457603498998,-0.232344432530313,-9000,-0.471238898038469,1200,0,-9000,1200
1769434203.63935,5.3207278251648,-1.51107525825501,-2.49800602479018,0.521295813880933,0.158457603498998,-0.232344432530313,-9000,-0.471238898038469,1200,0,-9000,1200
1769434203.68919,5.28612947463989,-1.55427515506744,-2.53832587580159,0.522010236600513,0.158045351421295,-0.240365030112588,-9000,-0.471238898038469,1200,0,-9000,1200
1769434203.73925,5.28612947463989,-1.55427515506744,-2.53832587580159,0.522010236600513,0.158045351421295,-0.240365030112588,-9000,-0.471238898038469,1200,0,-9000,1200
1769434203.78909,5.25090074539185,-1.59676742553711,-2.55419572186554,0.522835656896532,0.157047773640954,-0.242164695867367,-9000,-0.471238898038469,1200,0,-9000,1200
1769434203.83915,5.25090074539185,-1.59676742553711,-2.55419572186554,0.522835656896532,0.157047773640954,-0.242164695867367,-9000,-0.471238898038469,1200,0,-9000,1200
1769434203.88922,5.21708250045776,-1.63958775997162,-2.58411802828297,0.523369204117899,0.156461236411234,-0.246127232627764,-9000,-0.471238898038469,1200,0,-9000,1200
1769434203.93934,5.21708250045776,-1.63958775997162,-2.58411802828297,0.523369204117899,0.156461236411234,-0.246127232627764,-9000,-0.471238898038469,1200,0,-9000,1200
1769434203.98918,5.18155002593994,-1.68177223205566,-2.60354844748124,0.52369272774002,0.156528869078303,-0.244873858254586,-9000,-0.471238898038469,1200,0,-9000,1200
1769434204.03921,5.18155002593994,-1.68177223205566,-2.60354844748124,0.52369272774002,0.156528869078303,-0.244873858254586,-9000,-0.471238898038469,1200,0,-9000,1200
1769434204.0891,5.14497423171997,-1.72263157367706,-2.62899990098318,0.523752505056631,0.157070970239539,-0.243596983594749,-9000,-0.471238898038469,1200,0,-9000,1200
1769434204.13914,5.14497423171997,-1.72263157367706,-2.62899990098318,0.523752505056631,0.157070970239539,-0.243596983594749,-9000,-0.471238898038469,1200,0,-9000,1200
1769434204.18909,5.10536575317383,-1.76163816452026,-2.65991942761759,0.523960194705342,0.157306205958638,-0.248015265594044,-9000,-0.471238898038469,1200,0,-9000,1200
1769434204.23935,5.10536575317383,-1.76163816452026,-2.65991942761759,0.523960194705342,0.157306205958638,-0.248015265594044,-9000,-0.471238898038469,1200,0,-9000,1200
1769434204.28911,5.0648717880249,-1.7995308637619,-2.68567517120031,0.52441280500464,0.156995321927142,-0.252707592381431,-9000,-0.471238898038469,1200,0,-9000,1200
1769434204.3393,5.0648717880249,-1.7995308637619,-2.68567517120031,0.52441280500464,0.156995321927142,-0.252707592381431,-9000,-0.471238898038469,1200,0,-9000,1200
1769434204.38937,5.02376651763916,-1.83699345588684,-2.70277881956443,0.525110109440886,0.15636183539021,-0.24906174435708,-9000,-0.471238898038469,1200,0,-9000,1200
1769434204.43955,5.02376651763916,-1.83699345588684,-2.70277881956443,0.525110109440886,0.15636183539021,-0.24906174435708,-9000,-0.471238898038469,1200,0,-9000,1200
1769434204.48918,4.9824595451355,-1.87371253967285,-2.73506382439902,0.525824810631263,0.155808573912414,-0.250701237918099,-9000,-0.471238898038469,1200,0,-9000,1200
1769434204.53947,4.9824595451355,-1.87371253967285,-2.73506382439902,0.525824810631263,0.155808573912414,-0.250701237918099,-8000,-0.418879020478639,1200,0,-8000,1200
1769434204.5892,4.94100284576416,-1.91002511978149,-2.7610976786096,0.526324597425846,0.155827193683875,-0.253704169215455,-7000,-0.366519142918809,1200,0,-7000,1200
1769434204.63929,4.94100284576416,-1.91002511978149,-2.7610976786096,0.526324597425846,0.155827193683875,-0.253704169215455,-6000,-0.314159265358979,1200,0,-6000,1200
1769434204.68919,4.89918041229248,-1.94491314888001,-2.79005282439539,0.526304492779738,0.156504455230078,-0.258569965454686,-5000,-0.261799387799149,1200,0,-5000,1200
1769434204.73929,4.89918041229248,-1.94491314888001,-2.79005282439539,0.526304492779738,0.156504455230078,-0.258569965454686,-4000,-0.20943951023932,1200,0,-4000,1200
1769434204.7892,4.85412836074829,-1.97808372974396,-2.80965161768204,0.526301282209803,0.157158695039892,-0.256887811194797,-3000,-0.15707963267949,1200,0,-3000,1200
1769434204.83932,4.85412836074829,-1.97808372974396,-2.80965161768204,0.526301282209803,0.157158695039892,-0.256887811194797,-2000,-0.10471975511966,1200,0,-2000,1200
